species,dd long,dd lat
microryzomys_minutus,-64.7,-17.85
microryzomys_minutus,-67.8333,-16.3333
microryzomys_minutus,-67.8833,-16.3
microryzomys_minutus,-67.8,-16.2667
microryzomys_minutus,-67.9833,-15.9
microryzomys_minutus,-70.9167,-13.5
microryzomys_minutus,-72.5,-13.1667
microryzomys_minutus,-72.5667,-13.1167
microryzomys_minutus,-72.35,-12.8833
microryzomys_minutus,-73.8167,-12.7833
microryzomys_minutus,-75.7,-11.4167
microryzomys_minutus,-75.5333,-11.2667
microryzomys_minutus,-75.8667,-10.4667
microryzomys_minutus,-76.2333,-9.9167
microryzomys_minutus,-76.15,-9.7
microryzomys_minutus,-76.0333,-9.7
microryzomys_minutus,-79.05,-6.9
microryzomys_minutus,-77.7,-6.63333
microryzomys_minutus,-77.55,-6.18333
microryzomys_minutus,-77.3333,-6.11667
microryzomys_minutus,-77.95,-5.88333
microryzomys_minutus,-78.1667,-5.5
microryzomys_minutus,-79.6,-5.4
microryzomys_minutus,-79.3833,-5.11667
microryzomys_minutus,-79.6667,-3.66667
microryzomys_minutus,-79.6833,-3.63333
microryzomys_minutus,-79.4333,-2.8
microryzomys_minutus,-78.9833,-2.28333
microryzomys_minutus,-78.4333,-1.45
microryzomys_minutus,-78.4167,-1.4
microryzomys_minutus,-78.4833,-1.36667
microryzomys_minutus,-77.8833,-0.45
microryzomys_minutus,-78.3833,-0.36667
microryzomys_minutus,-78.4,-0.21667
microryzomys_minutus,-78.6,-0.1
microryzomys_minutus,-78.5833,-0.05
microryzomys_minutus,-78.4167,0.116667
microryzomys_minutus,-78.8333,0.116667
microryzomys_minutus,-78.5333,0.15
microryzomys_minutus,-78.8667,0.2
microryzomys_minutus,-76.6,1.916667
microryzomys_minutus,-76.4833,1.95
microryzomys_minutus,-76.5667,1.95
microryzomys_minutus,-76.3,2.483333
microryzomys_minutus,-76.95,2.533333
microryzomys_minutus,-76.9167,2.583333
microryzomys_minutus,-77.2,2.666667
microryzomys_minutus,-76.95,2.666667
microryzomys_minutus,-74.3667,4.35
microryzomys_minutus,-75.3667,4.433333
microryzomys_minutus,-74.0833,4.566667
microryzomys_minutus,-75.5,4.583333
microryzomys_minutus,-74.0833,4.6
microryzomys_minutus,-75.5667,4.633333
microryzomys_minutus,-74.5333,4.75
microryzomys_minutus,-74.6333,4.85
microryzomys_minutus,-73.8667,4.866667
microryzomys_minutus,-75.55,6.166667
microryzomys_minutus,-76.0667,6.466667
microryzomys_minutus,-75.45,7.083333
microryzomys_minutus,-72.4333,7.45
microryzomys_minutus,-71.15,8.6
microryzomys_minutus,-71.4,8.6
microryzomys_minutus,-71.0167,8.6
microryzomys_minutus,-71.35,8.633333
microryzomys_minutus,-71.0833,8.75
microryzomys_minutus,-70.85,8.8
microryzomys_minutus,-71.25,8.833333
microryzomys_minutus,-70.7667,8.983333
microryzomys_minutus,-70.3,9.35
microryzomys_minutus,-63.8667,10.11667
microryzomys_minutus,-63.5333,10.2
microryzomys_minutus,-67.1667,10.43333
microryzomys_minutus,-66.8667,10.55
microryzomys_minutus,-73.65,10.71667
microryzomys_minutus,-73.5,10.91667
microryzomys_minutus,-77.8333,-6.75
microryzomys_minutus,-79.0167,-3.41667
microryzomys_minutus,-79.1333,-2.85
microryzomys_minutus,-78.95,-2.48333
microryzomys_minutus,-78.9667,-2.4
microryzomys_minutus,-78.5,-1.3
microryzomys_minutus,-78.1333,-0.36667
microryzomys_minutus,-78.4667,-0.3
microryzomys_minutus,-78.55,-0.16667
microryzomys_minutus,-78.2667,0.13333
microryzomys_minutus,-77.8167,0.6
microryzomys_minutus,-75.3833,4.96667
bradypus_variegatus,-65.4,-10.3833
bradypus_variegatus,-65.3833,-10.3833
bradypus_variegatus,-65.1333,-16.8
bradypus_variegatus,-63.6667,-17.45
bradypus_variegatus,-63.85,-17.4
bradypus_variegatus,-64.4167,-16
bradypus_variegatus,-63.1667,-17.8
bradypus_variegatus,-56.7333,-2.6
bradypus_variegatus,-59.1333,-3.7
bradypus_variegatus,-60.0833,-3.1333
bradypus_variegatus,-64.8333,-0.5167
bradypus_variegatus,-60.0167,-3.1333
bradypus_variegatus,-62.0833,-3.8333
bradypus_variegatus,-40.0667,-19.3333
bradypus_variegatus,-52.6667,-3.8333
bradypus_variegatus,-49.5,-1
bradypus_variegatus,-55.55,-1.9167
bradypus_variegatus,-52.2,-1.7
bradypus_variegatus,-54.9833,-2.75
bradypus_variegatus,-55.5,-3.6667
bradypus_variegatus,-55.1333,-2.8333
bradypus_variegatus,-55,-2.4333
bradypus_variegatus,-54.7,-2.4333
bradypus_variegatus,-55.1,-3.0833
bradypus_variegatus,-55.2833,-3.45
bradypus_variegatus,-49.6833,-2.6833
bradypus_variegatus,-49.5,-2.25
bradypus_variegatus,-49.5,-2.5833
bradypus_variegatus,-46.7333,-23.45
bradypus_variegatus,-69.95,-4.15
bradypus_variegatus,-76.2667,7.0167
bradypus_variegatus,-75.5833,6.25
bradypus_variegatus,-76.7167,8.1
bradypus_variegatus,-75.05,7.35
bradypus_variegatus,-75.0667,9.9667
bradypus_variegatus,-74,10.3
bradypus_variegatus,-73.4333,10.15
bradypus_variegatus,-76.6833,5.1
bradypus_variegatus,-77.7667,7.1167
bradypus_variegatus,-76.6667,5.7
bradypus_variegatus,-76.95,5.05
bradypus_variegatus,-77.1667,7.6667
bradypus_variegatus,-77.1167,8.0167
bradypus_variegatus,-75.6833,8.2833
bradypus_variegatus,-74.7333,9.1167
bradypus_variegatus,-76.2833,7.85
bradypus_variegatus,-74.3,4.5833
bradypus_variegatus,-67.9333,3.8667
bradypus_variegatus,-71.3167,12.35
bradypus_variegatus,-73.6167,4.15
bradypus_variegatus,-78.15,1.6833
bradypus_variegatus,-72.5833,8.5
bradypus_variegatus,-72.5167,7.9
bradypus_variegatus,-74.7667,-0.2
bradypus_variegatus,-75.3333,0.4667
bradypus_variegatus,-73.9167,7.1667
bradypus_variegatus,-75.4,9.3
bradypus_variegatus,-75.35,9.5
bradypus_variegatus,-76.9333,4
bradypus_variegatus,-77.0833,3.6833
bradypus_variegatus,-84.5,10.3333
bradypus_variegatus,-83.6333,9.8833
bradypus_variegatus,-84.0167,10.6333
bradypus_variegatus,-83.5667,9.9167
bradypus_variegatus,-83.4667,8.95
bradypus_variegatus,-79.65,-3.7167
bradypus_variegatus,-79.4667,0.3333
bradypus_variegatus,-79.75,-1.5333
bradypus_variegatus,-79.6,-0.4667
bradypus_variegatus,-77.1333,-0.7
bradypus_variegatus,-77.95,-1.4833
bradypus_variegatus,-79.15,-0.25
bradypus_variegatus,-85.9333,13.1833
bradypus_variegatus,-83.7,10.9333
bradypus_variegatus,-84.5333,13.95
bradypus_variegatus,-84.4333,12.15
bradypus_variegatus,-83.7667,12.15
bradypus_variegatus,-82.4,9.3
bradypus_variegatus,-82.5167,9.45
bradypus_variegatus,-81.8,8.9333
bradypus_variegatus,-82.7833,9.6
bradypus_variegatus,-82.25,9.1833
bradypus_variegatus,-79.8167,9.1667
bradypus_variegatus,-79.9333,9.25
bradypus_variegatus,-79.9833,9.25
bradypus_variegatus,-79.9,9.2167
bradypus_variegatus,-79.6,9.2833
bradypus_variegatus,-77.3,8.1667
bradypus_variegatus,-77.6,8
bradypus_variegatus,-77.75,8.1
bradypus_variegatus,-77.7333,8.1333
bradypus_variegatus,-78.3667,7.9667
bradypus_variegatus,-77.4333,7.9833
bradypus_variegatus,-79.5833,8.95
bradypus_variegatus,-79.85,9.15
bradypus_variegatus,-79.35,9.2333
bradypus_variegatus,-79.8,8.8667
bradypus_variegatus,-79.6,8.9
bradypus_variegatus,-77.1167,-4.65
bradypus_variegatus,-74.0833,-2.3667
bradypus_variegatus,-73.25,-3.7667
bradypus_variegatus,-74.2167,-4.8333
bradypus_variegatus,-72.1,-3.3167
bradypus_variegatus,-72.1333,-3.4333
bradypus_variegatus,-73.05,-3.4667
bradypus_variegatus,-74.2167,-4.7
bradypus_variegatus,-75.1,-6.7333
bradypus_variegatus,-76.05,-5.8333
bradypus_variegatus,-74.5333,-8.3833
bradypus_variegatus,-65.55,3.1667
bradypus_variegatus,-65.9167,3.0833
bradypus_variegatus,-66.2167,5.3
bradypus_variegatus,-67.6833,10.3667
bradypus_variegatus,-68.3833,10.5333
bradypus_variegatus,-66.8333,10.3667
bradypus_variegatus,-72.6,9.15
bradypus_variegatus_0,-65.4,-10.3833
bradypus_variegatus_0,-65.1333,-16.8
bradypus_variegatus_0,-63.85,-17.4
bradypus_variegatus_0,-63.1667,-17.8
bradypus_variegatus_0,-56.7333,-2.6
bradypus_variegatus_0,-59.1333,-3.7
bradypus_variegatus_0,-60.0833,-3.1333
bradypus_variegatus_0,-64.8333,-0.5167
bradypus_variegatus_0,-60.0167,-3.1333
bradypus_variegatus_0,-62.0833,-3.8333
bradypus_variegatus_0,-40.0667,-19.3333
bradypus_variegatus_0,-49.5,-1
bradypus_variegatus_0,-52.2,-1.7
bradypus_variegatus_0,-54.9833,-2.75
bradypus_variegatus_0,-55.5,-3.6667
bradypus_variegatus_0,-55.1333,-2.8333
bradypus_variegatus_0,-55,-2.4333
bradypus_variegatus_0,-54.7,-2.4333
bradypus_variegatus_0,-55.1,-3.0833
bradypus_variegatus_0,-49.6833,-2.6833
bradypus_variegatus_0,-49.5,-2.5833
bradypus_variegatus_0,-69.95,-4.15
bradypus_variegatus_0,-75.5833,6.25
bradypus_variegatus_0,-75.0667,9.9667
bradypus_variegatus_0,-73.4333,10.15
bradypus_variegatus_0,-76.6833,5.1
bradypus_variegatus_0,-76.95,5.05
bradypus_variegatus_0,-77.1667,7.6667
bradypus_variegatus_0,-77.1167,8.0167
bradypus_variegatus_0,-76.2833,7.85
bradypus_variegatus_0,-67.9333,3.8667
bradypus_variegatus_0,-71.3167,12.35
bradypus_variegatus_0,-78.15,1.6833
bradypus_variegatus_0,-72.5833,8.5
bradypus_variegatus_0,-74.7667,-0.2
bradypus_variegatus_0,-75.3333,0.4667
bradypus_variegatus_0,-75.4,9.3
bradypus_variegatus_0,-75.35,9.5
bradypus_variegatus_0,-77.0833,3.6833
bradypus_variegatus_0,-84.5,10.3333
bradypus_variegatus_0,-83.6333,9.8833
bradypus_variegatus_0,-84.0167,10.6333
bradypus_variegatus_0,-83.5667,9.9167
bradypus_variegatus_0,-79.65,-3.7167
bradypus_variegatus_0,-79.6,-0.4667
bradypus_variegatus_0,-77.1333,-0.7
bradypus_variegatus_0,-77.95,-1.4833
bradypus_variegatus_0,-79.15,-0.25
bradypus_variegatus_0,-83.7,10.9333
bradypus_variegatus_0,-84.5333,13.95
bradypus_variegatus_0,-84.4333,12.15
bradypus_variegatus_0,-83.7667,12.15
bradypus_variegatus_0,-82.4,9.3
bradypus_variegatus_0,-82.5167,9.45
bradypus_variegatus_0,-82.7833,9.6
bradypus_variegatus_0,-79.9833,9.25
bradypus_variegatus_0,-79.9,9.2167
bradypus_variegatus_0,-79.6,9.2833
bradypus_variegatus_0,-77.6,8
bradypus_variegatus_0,-77.75,8.1
bradypus_variegatus_0,-77.7333,8.1333
bradypus_variegatus_0,-78.3667,7.9667
bradypus_variegatus_0,-77.4333,7.9833
bradypus_variegatus_0,-79.85,9.15
bradypus_variegatus_0,-79.8,8.8667
bradypus_variegatus_0,-77.1167,-4.65
bradypus_variegatus_0,-74.0833,-2.3667
bradypus_variegatus_0,-73.25,-3.7667
bradypus_variegatus_0,-74.2167,-4.8333
bradypus_variegatus_0,-72.1333,-3.4333
bradypus_variegatus_0,-73.05,-3.4667
bradypus_variegatus_0,-74.2167,-4.7
bradypus_variegatus_0,-75.1,-6.7333
bradypus_variegatus_0,-74.5333,-8.3833
bradypus_variegatus_0,-65.55,3.1667
bradypus_variegatus_0,-65.9167,3.0833
bradypus_variegatus_0,-66.2167,5.3
bradypus_variegatus_0,-67.6833,10.3667
bradypus_variegatus_0,-68.3833,10.5333
bradypus_variegatus_0,-66.8333,10.3667
bradypus_variegatus_0,-72.6,9.15
microryzomys_minutus_0,-64.7,-17.85
microryzomys_minutus_0,-67.8333,-16.3333
microryzomys_minutus_0,-67.8833,-16.3
microryzomys_minutus_0,-67.8,-16.2667
microryzomys_minutus_0,-67.9833,-15.9
microryzomys_minutus_0,-70.9167,-13.5
microryzomys_minutus_0,-72.35,-12.8833
microryzomys_minutus_0,-73.8167,-12.7833
microryzomys_minutus_0,-75.7,-11.4167
microryzomys_minutus_0,-75.5333,-11.2667
microryzomys_minutus_0,-76.2333,-9.9167
microryzomys_minutus_0,-76.15,-9.7
microryzomys_minutus_0,-76.0333,-9.7
microryzomys_minutus_0,-79.05,-6.9
microryzomys_minutus_0,-77.7,-6.63333
microryzomys_minutus_0,-77.3333,-6.11667
microryzomys_minutus_0,-77.95,-5.88333
microryzomys_minutus_0,-78.1667,-5.5
microryzomys_minutus_0,-79.6,-5.4
microryzomys_minutus_0,-79.3833,-5.11667
microryzomys_minutus_0,-79.6667,-3.66667
microryzomys_minutus_0,-79.6833,-3.63333
microryzomys_minutus_0,-79.4333,-2.8
microryzomys_minutus_0,-78.4167,-1.4
microryzomys_minutus_0,-78.4833,-1.36667
microryzomys_minutus_0,-78.3833,-0.36667
microryzomys_minutus_0,-78.5833,-0.05
microryzomys_minutus_0,-78.4167,0.116667
microryzomys_minutus_0,-78.8333,0.116667
microryzomys_minutus_0,-78.5333,0.15
microryzomys_minutus_0,-78.8667,0.2
microryzomys_minutus_0,-76.4833,1.95
microryzomys_minutus_0,-76.3,2.483333
microryzomys_minutus_0,-76.9167,2.583333
microryzomys_minutus_0,-76.95,2.666667
microryzomys_minutus_0,-74.3667,4.35
microryzomys_minutus_0,-74.0833,4.566667
microryzomys_minutus_0,-75.5,4.583333
microryzomys_minutus_0,-74.0833,4.6
microryzomys_minutus_0,-74.5333,4.75
microryzomys_minutus_0,-73.8667,4.866667
microryzomys_minutus_0,-75.45,7.083333
microryzomys_minutus_0,-72.4333,7.45
microryzomys_minutus_0,-71.15,8.6
microryzomys_minutus_0,-71.0167,8.6
microryzomys_minutus_0,-71.0833,8.75
microryzomys_minutus_0,-70.85,8.8
microryzomys_minutus_0,-71.25,8.833333
microryzomys_minutus_0,-70.7667,8.983333
microryzomys_minutus_0,-70.3,9.35
microryzomys_minutus_0,-63.8667,10.11667
microryzomys_minutus_0,-67.1667,10.43333
microryzomys_minutus_0,-66.8667,10.55
microryzomys_minutus_0,-73.5,10.91667
microryzomys_minutus_0,-77.8333,-6.75
microryzomys_minutus_0,-79.1333,-2.85
microryzomys_minutus_0,-78.95,-2.48333
microryzomys_minutus_0,-78.9667,-2.4
microryzomys_minutus_0,-78.4667,-0.3
microryzomys_minutus_0,-78.55,-0.16667
microryzomys_minutus_0,-78.2667,0.13333
bradypus_variegatus_1,-65.3833,-10.3833
bradypus_variegatus_1,-63.6667,-17.45
bradypus_variegatus_1,-63.85,-17.4
bradypus_variegatus_1,-64.4167,-16
bradypus_variegatus_1,-63.1667,-17.8
bradypus_variegatus_1,-56.7333,-2.6
bradypus_variegatus_1,-59.1333,-3.7
bradypus_variegatus_1,-60.0833,-3.1333
bradypus_variegatus_1,-62.0833,-3.8333
bradypus_variegatus_1,-40.0667,-19.3333
bradypus_variegatus_1,-52.6667,-3.8333
bradypus_variegatus_1,-49.5,-1
bradypus_variegatus_1,-52.2,-1.7
bradypus_variegatus_1,-54.9833,-2.75
bradypus_variegatus_1,-55.1,-3.0833
bradypus_variegatus_1,-49.6833,-2.6833
bradypus_variegatus_1,-49.5,-2.25
bradypus_variegatus_1,-49.5,-2.5833
bradypus_variegatus_1,-46.7333,-23.45
bradypus_variegatus_1,-69.95,-4.15
bradypus_variegatus_1,-76.2667,7.0167
bradypus_variegatus_1,-75.5833,6.25
bradypus_variegatus_1,-76.7167,8.1
bradypus_variegatus_1,-75.05,7.35
bradypus_variegatus_1,-75.0667,9.9667
bradypus_variegatus_1,-74,10.3
bradypus_variegatus_1,-77.7667,7.1167
bradypus_variegatus_1,-76.95,5.05
bradypus_variegatus_1,-77.1667,7.6667
bradypus_variegatus_1,-77.1167,8.0167
bradypus_variegatus_1,-75.6833,8.2833
bradypus_variegatus_1,-76.2833,7.85
bradypus_variegatus_1,-74.3,4.5833
bradypus_variegatus_1,-67.9333,3.8667
bradypus_variegatus_1,-73.6167,4.15
bradypus_variegatus_1,-78.15,1.6833
bradypus_variegatus_1,-72.5167,7.9
bradypus_variegatus_1,-74.7667,-0.2
bradypus_variegatus_1,-75.3333,0.4667
bradypus_variegatus_1,-73.9167,7.1667
bradypus_variegatus_1,-75.4,9.3
bradypus_variegatus_1,-75.35,9.5
bradypus_variegatus_1,-77.0833,3.6833
bradypus_variegatus_1,-84.5,10.3333
bradypus_variegatus_1,-83.6333,9.8833
bradypus_variegatus_1,-84.0167,10.6333
bradypus_variegatus_1,-83.5667,9.9167
bradypus_variegatus_1,-83.4667,8.95
bradypus_variegatus_1,-77.1333,-0.7
bradypus_variegatus_1,-77.95,-1.4833
bradypus_variegatus_1,-79.15,-0.25
bradypus_variegatus_1,-85.9333,13.1833
bradypus_variegatus_1,-84.5333,13.95
bradypus_variegatus_1,-84.4333,12.15
bradypus_variegatus_1,-82.4,9.3
bradypus_variegatus_1,-79.8167,9.1667
bradypus_variegatus_1,-79.9333,9.25
bradypus_variegatus_1,-79.9,9.2167
bradypus_variegatus_1,-79.6,9.2833
bradypus_variegatus_1,-77.3,8.1667
bradypus_variegatus_1,-77.6,8
bradypus_variegatus_1,-77.75,8.1
bradypus_variegatus_1,-78.3667,7.9667
bradypus_variegatus_1,-77.4333,7.9833
bradypus_variegatus_1,-79.85,9.15
bradypus_variegatus_1,-79.35,9.2333
bradypus_variegatus_1,-79.8,8.8667
bradypus_variegatus_1,-79.6,8.9
bradypus_variegatus_1,-77.1167,-4.65
bradypus_variegatus_1,-74.0833,-2.3667
bradypus_variegatus_1,-73.25,-3.7667
bradypus_variegatus_1,-72.1,-3.3167
bradypus_variegatus_1,-72.1333,-3.4333
bradypus_variegatus_1,-73.05,-3.4667
bradypus_variegatus_1,-74.2167,-4.7
bradypus_variegatus_1,-75.1,-6.7333
bradypus_variegatus_1,-76.05,-5.8333
bradypus_variegatus_1,-74.5333,-8.3833
bradypus_variegatus_1,-65.9167,3.0833
bradypus_variegatus_1,-66.2167,5.3
bradypus_variegatus_1,-66.8333,10.3667
microryzomys_minutus_1,-67.8333,-16.3333
microryzomys_minutus_1,-67.8833,-16.3
microryzomys_minutus_1,-67.8,-16.2667
microryzomys_minutus_1,-70.9167,-13.5
microryzomys_minutus_1,-72.5,-13.1667
microryzomys_minutus_1,-73.8167,-12.7833
microryzomys_minutus_1,-75.7,-11.4167
microryzomys_minutus_1,-75.5333,-11.2667
microryzomys_minutus_1,-75.8667,-10.4667
microryzomys_minutus_1,-76.2333,-9.9167
microryzomys_minutus_1,-76.0333,-9.7
microryzomys_minutus_1,-77.95,-5.88333
microryzomys_minutus_1,-78.1667,-5.5
microryzomys_minutus_1,-79.3833,-5.11667
microryzomys_minutus_1,-79.4333,-2.8
microryzomys_minutus_1,-78.4333,-1.45
microryzomys_minutus_1,-78.4167,-1.4
microryzomys_minutus_1,-78.4833,-1.36667
microryzomys_minutus_1,-77.8833,-0.45
microryzomys_minutus_1,-78.3833,-0.36667
microryzomys_minutus_1,-78.4,-0.21667
microryzomys_minutus_1,-78.6,-0.1
microryzomys_minutus_1,-78.5833,-0.05
microryzomys_minutus_1,-78.8333,0.116667
microryzomys_minutus_1,-78.8667,0.2
microryzomys_minutus_1,-76.6,1.916667
microryzomys_minutus_1,-76.5667,1.95
microryzomys_minutus_1,-76.3,2.483333
microryzomys_minutus_1,-76.95,2.533333
microryzomys_minutus_1,-76.9167,2.583333
microryzomys_minutus_1,-74.3667,4.35
microryzomys_minutus_1,-74.0833,4.566667
microryzomys_minutus_1,-75.5,4.583333
microryzomys_minutus_1,-75.5667,4.633333
microryzomys_minutus_1,-74.5333,4.75
microryzomys_minutus_1,-74.6333,4.85
microryzomys_minutus_1,-73.8667,4.866667
microryzomys_minutus_1,-76.0667,6.466667
microryzomys_minutus_1,-75.45,7.083333
microryzomys_minutus_1,-72.4333,7.45
microryzomys_minutus_1,-71.15,8.6
microryzomys_minutus_1,-71.4,8.6
microryzomys_minutus_1,-71.0167,8.6
microryzomys_minutus_1,-71.0833,8.75
microryzomys_minutus_1,-70.85,8.8
microryzomys_minutus_1,-71.25,8.833333
microryzomys_minutus_1,-70.3,9.35
microryzomys_minutus_1,-63.8667,10.11667
microryzomys_minutus_1,-63.5333,10.2
microryzomys_minutus_1,-66.8667,10.55
microryzomys_minutus_1,-73.65,10.71667
microryzomys_minutus_1,-73.5,10.91667
microryzomys_minutus_1,-79.0167,-3.41667
microryzomys_minutus_1,-78.95,-2.48333
microryzomys_minutus_1,-78.9667,-2.4
microryzomys_minutus_1,-78.5,-1.3
microryzomys_minutus_1,-78.1333,-0.36667
microryzomys_minutus_1,-78.55,-0.16667
microryzomys_minutus_1,-78.2667,0.13333
microryzomys_minutus_1,-77.8167,0.6
microryzomys_minutus_1,-75.3833,4.96667
bradypus_variegatus_2,-65.4,-10.3833
bradypus_variegatus_2,-65.1333,-16.8
bradypus_variegatus_2,-63.6667,-17.45
bradypus_variegatus_2,-64.4167,-16
bradypus_variegatus_2,-63.1667,-17.8
bradypus_variegatus_2,-56.7333,-2.6
bradypus_variegatus_2,-59.1333,-3.7
bradypus_variegatus_2,-60.0833,-3.1333
bradypus_variegatus_2,-60.0167,-3.1333
bradypus_variegatus_2,-62.0833,-3.8333
bradypus_variegatus_2,-40.0667,-19.3333
bradypus_variegatus_2,-52.6667,-3.8333
bradypus_variegatus_2,-49.5,-1
bradypus_variegatus_2,-52.2,-1.7
bradypus_variegatus_2,-54.9833,-2.75
bradypus_variegatus_2,-55.1333,-2.8333
bradypus_variegatus_2,-55.1,-3.0833
bradypus_variegatus_2,-55.2833,-3.45
bradypus_variegatus_2,-49.6833,-2.6833
bradypus_variegatus_2,-49.5,-2.25
bradypus_variegatus_2,-49.5,-2.5833
bradypus_variegatus_2,-46.7333,-23.45
bradypus_variegatus_2,-76.2667,7.0167
bradypus_variegatus_2,-75.5833,6.25
bradypus_variegatus_2,-76.7167,8.1
bradypus_variegatus_2,-75.05,7.35
bradypus_variegatus_2,-75.0667,9.9667
bradypus_variegatus_2,-74,10.3
bradypus_variegatus_2,-73.4333,10.15
bradypus_variegatus_2,-77.7667,7.1167
bradypus_variegatus_2,-76.95,5.05
bradypus_variegatus_2,-71.3167,12.35
bradypus_variegatus_2,-78.15,1.6833
bradypus_variegatus_2,-74.7667,-0.2
bradypus_variegatus_2,-75.3333,0.4667
bradypus_variegatus_2,-73.9167,7.1667
bradypus_variegatus_2,-75.4,9.3
bradypus_variegatus_2,-76.9333,4
bradypus_variegatus_2,-77.0833,3.6833
bradypus_variegatus_2,-84.5,10.3333
bradypus_variegatus_2,-83.6333,9.8833
bradypus_variegatus_2,-84.0167,10.6333
bradypus_variegatus_2,-83.5667,9.9167
bradypus_variegatus_2,-83.4667,8.95
bradypus_variegatus_2,-79.65,-3.7167
bradypus_variegatus_2,-79.4667,0.3333
bradypus_variegatus_2,-79.75,-1.5333
bradypus_variegatus_2,-79.6,-0.4667
bradypus_variegatus_2,-77.1333,-0.7
bradypus_variegatus_2,-77.95,-1.4833
bradypus_variegatus_2,-83.7,10.9333
bradypus_variegatus_2,-84.4333,12.15
bradypus_variegatus_2,-83.7667,12.15
bradypus_variegatus_2,-82.4,9.3
bradypus_variegatus_2,-82.5167,9.45
bradypus_variegatus_2,-81.8,8.9333
bradypus_variegatus_2,-82.7833,9.6
bradypus_variegatus_2,-82.25,9.1833
bradypus_variegatus_2,-79.8167,9.1667
bradypus_variegatus_2,-79.9833,9.25
bradypus_variegatus_2,-77.3,8.1667
bradypus_variegatus_2,-77.6,8
bradypus_variegatus_2,-77.7333,8.1333
bradypus_variegatus_2,-78.3667,7.9667
bradypus_variegatus_2,-77.4333,7.9833
bradypus_variegatus_2,-79.5833,8.95
bradypus_variegatus_2,-79.85,9.15
bradypus_variegatus_2,-79.35,9.2333
bradypus_variegatus_2,-79.8,8.8667
bradypus_variegatus_2,-77.1167,-4.65
bradypus_variegatus_2,-74.0833,-2.3667
bradypus_variegatus_2,-73.25,-3.7667
bradypus_variegatus_2,-74.2167,-4.8333
bradypus_variegatus_2,-73.05,-3.4667
bradypus_variegatus_2,-75.1,-6.7333
bradypus_variegatus_2,-76.05,-5.8333
bradypus_variegatus_2,-74.5333,-8.3833
bradypus_variegatus_2,-65.9167,3.0833
bradypus_variegatus_2,-66.2167,5.3
bradypus_variegatus_2,-68.3833,10.5333
bradypus_variegatus_2,-72.6,9.15
microryzomys_minutus_2,-64.7,-17.85
microryzomys_minutus_2,-67.8333,-16.3333
microryzomys_minutus_2,-67.8833,-16.3
microryzomys_minutus_2,-67.9833,-15.9
microryzomys_minutus_2,-70.9167,-13.5
microryzomys_minutus_2,-72.5667,-13.1167
microryzomys_minutus_2,-72.35,-12.8833
microryzomys_minutus_2,-73.8167,-12.7833
microryzomys_minutus_2,-75.8667,-10.4667
microryzomys_minutus_2,-76.2333,-9.9167
microryzomys_minutus_2,-76.15,-9.7
microryzomys_minutus_2,-76.0333,-9.7
microryzomys_minutus_2,-77.7,-6.63333
microryzomys_minutus_2,-77.3333,-6.11667
microryzomys_minutus_2,-77.95,-5.88333
microryzomys_minutus_2,-79.6,-5.4
microryzomys_minutus_2,-79.6667,-3.66667
microryzomys_minutus_2,-79.6833,-3.63333
microryzomys_minutus_2,-79.4333,-2.8
microryzomys_minutus_2,-78.9833,-2.28333
microryzomys_minutus_2,-78.4333,-1.45
microryzomys_minutus_2,-78.4167,-1.4
microryzomys_minutus_2,-78.4833,-1.36667
microryzomys_minutus_2,-77.8833,-0.45
microryzomys_minutus_2,-78.3833,-0.36667
microryzomys_minutus_2,-78.4,-0.21667
microryzomys_minutus_2,-78.6,-0.1
microryzomys_minutus_2,-78.5833,-0.05
microryzomys_minutus_2,-78.4167,0.116667
microryzomys_minutus_2,-78.8333,0.116667
microryzomys_minutus_2,-76.6,1.916667
microryzomys_minutus_2,-76.4833,1.95
microryzomys_minutus_2,-76.5667,1.95
microryzomys_minutus_2,-76.3,2.483333
microryzomys_minutus_2,-76.95,2.533333
microryzomys_minutus_2,-76.9167,2.583333
microryzomys_minutus_2,-74.3667,4.35
microryzomys_minutus_2,-75.5,4.583333
microryzomys_minutus_2,-74.5333,4.75
microryzomys_minutus_2,-74.6333,4.85
microryzomys_minutus_2,-73.8667,4.866667
microryzomys_minutus_2,-75.55,6.166667
microryzomys_minutus_2,-76.0667,6.466667
microryzomys_minutus_2,-75.45,7.083333
microryzomys_minutus_2,-72.4333,7.45
microryzomys_minutus_2,-71.15,8.6
microryzomys_minutus_2,-71.4,8.6
microryzomys_minutus_2,-71.0167,8.6
microryzomys_minutus_2,-71.0833,8.75
microryzomys_minutus_2,-71.25,8.833333
microryzomys_minutus_2,-63.5333,10.2
microryzomys_minutus_2,-66.8667,10.55
microryzomys_minutus_2,-73.65,10.71667
microryzomys_minutus_2,-77.8333,-6.75
microryzomys_minutus_2,-79.0167,-3.41667
microryzomys_minutus_2,-79.1333,-2.85
microryzomys_minutus_2,-78.9667,-2.4
microryzomys_minutus_2,-78.55,-0.16667
microryzomys_minutus_2,-78.2667,0.13333
microryzomys_minutus_2,-77.8167,0.6
microryzomys_minutus_2,-75.3833,4.96667
bradypus_variegatus_3,-65.4,-10.3833
bradypus_variegatus_3,-65.3833,-10.3833
bradypus_variegatus_3,-65.1333,-16.8
bradypus_variegatus_3,-63.85,-17.4
bradypus_variegatus_3,-64.4167,-16
bradypus_variegatus_3,-63.1667,-17.8
bradypus_variegatus_3,-56.7333,-2.6
bradypus_variegatus_3,-59.1333,-3.7
bradypus_variegatus_3,-60.0833,-3.1333
bradypus_variegatus_3,-64.8333,-0.5167
bradypus_variegatus_3,-60.0167,-3.1333
bradypus_variegatus_3,-62.0833,-3.8333
bradypus_variegatus_3,-52.6667,-3.8333
bradypus_variegatus_3,-55.55,-1.9167
bradypus_variegatus_3,-52.2,-1.7
bradypus_variegatus_3,-54.9833,-2.75
bradypus_variegatus_3,-55.5,-3.6667
bradypus_variegatus_3,-55.1333,-2.8333
bradypus_variegatus_3,-55.1,-3.0833
bradypus_variegatus_3,-49.6833,-2.6833
bradypus_variegatus_3,-49.5,-2.25
bradypus_variegatus_3,-46.7333,-23.45
bradypus_variegatus_3,-69.95,-4.15
bradypus_variegatus_3,-76.2667,7.0167
bradypus_variegatus_3,-75.5833,6.25
bradypus_variegatus_3,-76.7167,8.1
bradypus_variegatus_3,-75.05,7.35
bradypus_variegatus_3,-74,10.3
bradypus_variegatus_3,-76.6833,5.1
bradypus_variegatus_3,-77.7667,7.1167
bradypus_variegatus_3,-76.6667,5.7
bradypus_variegatus_3,-77.1167,8.0167
bradypus_variegatus_3,-75.6833,8.2833
bradypus_variegatus_3,-76.2833,7.85
bradypus_variegatus_3,-74.3,4.5833
bradypus_variegatus_3,-73.6167,4.15
bradypus_variegatus_3,-72.5833,8.5
bradypus_variegatus_3,-72.5167,7.9
bradypus_variegatus_3,-74.7667,-0.2
bradypus_variegatus_3,-75.3333,0.4667
bradypus_variegatus_3,-73.9167,7.1667
bradypus_variegatus_3,-75.4,9.3
bradypus_variegatus_3,-75.35,9.5
bradypus_variegatus_3,-76.9333,4
bradypus_variegatus_3,-77.0833,3.6833
bradypus_variegatus_3,-83.6333,9.8833
bradypus_variegatus_3,-84.0167,10.6333
bradypus_variegatus_3,-83.5667,9.9167
bradypus_variegatus_3,-83.4667,8.95
bradypus_variegatus_3,-79.65,-3.7167
bradypus_variegatus_3,-79.4667,0.3333
bradypus_variegatus_3,-79.75,-1.5333
bradypus_variegatus_3,-77.1333,-0.7
bradypus_variegatus_3,-77.95,-1.4833
bradypus_variegatus_3,-79.15,-0.25
bradypus_variegatus_3,-85.9333,13.1833
bradypus_variegatus_3,-83.7,10.9333
bradypus_variegatus_3,-84.5333,13.95
bradypus_variegatus_3,-84.4333,12.15
bradypus_variegatus_3,-82.4,9.3
bradypus_variegatus_3,-82.5167,9.45
bradypus_variegatus_3,-82.25,9.1833
bradypus_variegatus_3,-79.8167,9.1667
bradypus_variegatus_3,-79.9833,9.25
bradypus_variegatus_3,-79.9,9.2167
bradypus_variegatus_3,-79.6,9.2833
bradypus_variegatus_3,-77.3,8.1667
bradypus_variegatus_3,-77.75,8.1
bradypus_variegatus_3,-77.4333,7.9833
bradypus_variegatus_3,-79.5833,8.95
bradypus_variegatus_3,-79.35,9.2333
bradypus_variegatus_3,-79.8,8.8667
bradypus_variegatus_3,-79.6,8.9
bradypus_variegatus_3,-77.1167,-4.65
bradypus_variegatus_3,-73.25,-3.7667
bradypus_variegatus_3,-72.1,-3.3167
bradypus_variegatus_3,-72.1333,-3.4333
bradypus_variegatus_3,-74.2167,-4.7
bradypus_variegatus_3,-76.05,-5.8333
bradypus_variegatus_3,-66.8333,10.3667
bradypus_variegatus_3,-72.6,9.15
microryzomys_minutus_3,-67.8,-16.2667
microryzomys_minutus_3,-72.5,-13.1667
microryzomys_minutus_3,-72.35,-12.8833
microryzomys_minutus_3,-73.8167,-12.7833
microryzomys_minutus_3,-75.7,-11.4167
microryzomys_minutus_3,-75.5333,-11.2667
microryzomys_minutus_3,-75.8667,-10.4667
microryzomys_minutus_3,-76.2333,-9.9167
microryzomys_minutus_3,-79.05,-6.9
microryzomys_minutus_3,-77.7,-6.63333
microryzomys_minutus_3,-77.55,-6.18333
microryzomys_minutus_3,-77.3333,-6.11667
microryzomys_minutus_3,-79.6,-5.4
microryzomys_minutus_3,-79.3833,-5.11667
microryzomys_minutus_3,-79.6667,-3.66667
microryzomys_minutus_3,-79.6833,-3.63333
microryzomys_minutus_3,-79.4333,-2.8
microryzomys_minutus_3,-78.9833,-2.28333
microryzomys_minutus_3,-78.4167,-1.4
microryzomys_minutus_3,-78.4833,-1.36667
microryzomys_minutus_3,-77.8833,-0.45
microryzomys_minutus_3,-78.6,-0.1
microryzomys_minutus_3,-78.5833,-0.05
microryzomys_minutus_3,-78.8333,0.116667
microryzomys_minutus_3,-78.8667,0.2
microryzomys_minutus_3,-76.6,1.916667
microryzomys_minutus_3,-76.5667,1.95
microryzomys_minutus_3,-76.3,2.483333
microryzomys_minutus_3,-76.95,2.666667
microryzomys_minutus_3,-74.3667,4.35
microryzomys_minutus_3,-74.0833,4.566667
microryzomys_minutus_3,-75.5,4.583333
microryzomys_minutus_3,-74.0833,4.6
microryzomys_minutus_3,-75.5667,4.633333
microryzomys_minutus_3,-74.5333,4.75
microryzomys_minutus_3,-74.6333,4.85
microryzomys_minutus_3,-73.8667,4.866667
microryzomys_minutus_3,-76.0667,6.466667
microryzomys_minutus_3,-75.45,7.083333
microryzomys_minutus_3,-72.4333,7.45
microryzomys_minutus_3,-71.15,8.6
microryzomys_minutus_3,-71.0167,8.6
microryzomys_minutus_3,-71.35,8.633333
microryzomys_minutus_3,-71.0833,8.75
microryzomys_minutus_3,-70.85,8.8
microryzomys_minutus_3,-71.25,8.833333
microryzomys_minutus_3,-70.7667,8.983333
microryzomys_minutus_3,-70.3,9.35
microryzomys_minutus_3,-63.8667,10.11667
microryzomys_minutus_3,-63.5333,10.2
microryzomys_minutus_3,-67.1667,10.43333
microryzomys_minutus_3,-77.8333,-6.75
microryzomys_minutus_3,-79.0167,-3.41667
microryzomys_minutus_3,-78.95,-2.48333
microryzomys_minutus_3,-78.9667,-2.4
microryzomys_minutus_3,-78.5,-1.3
microryzomys_minutus_3,-78.1333,-0.36667
microryzomys_minutus_3,-78.4667,-0.3
microryzomys_minutus_3,-78.55,-0.16667
microryzomys_minutus_3,-77.8167,0.6
microryzomys_minutus_3,-75.3833,4.96667
bradypus_variegatus_4,-65.4,-10.3833
bradypus_variegatus_4,-65.3833,-10.3833
bradypus_variegatus_4,-65.1333,-16.8
bradypus_variegatus_4,-63.6667,-17.45
bradypus_variegatus_4,-63.85,-17.4
bradypus_variegatus_4,-64.4167,-16
bradypus_variegatus_4,-63.1667,-17.8
bradypus_variegatus_4,-56.7333,-2.6
bradypus_variegatus_4,-60.0833,-3.1333
bradypus_variegatus_4,-64.8333,-0.5167
bradypus_variegatus_4,-62.0833,-3.8333
bradypus_variegatus_4,-40.0667,-19.3333
bradypus_variegatus_4,-52.6667,-3.8333
bradypus_variegatus_4,-49.5,-1
bradypus_variegatus_4,-52.2,-1.7
bradypus_variegatus_4,-54.9833,-2.75
bradypus_variegatus_4,-55.5,-3.6667
bradypus_variegatus_4,-55.1333,-2.8333
bradypus_variegatus_4,-55,-2.4333
bradypus_variegatus_4,-55.2833,-3.45
bradypus_variegatus_4,-49.5,-2.25
bradypus_variegatus_4,-49.5,-2.5833
bradypus_variegatus_4,-69.95,-4.15
bradypus_variegatus_4,-76.2667,7.0167
bradypus_variegatus_4,-75.5833,6.25
bradypus_variegatus_4,-75.05,7.35
bradypus_variegatus_4,-75.0667,9.9667
bradypus_variegatus_4,-76.6833,5.1
bradypus_variegatus_4,-77.7667,7.1167
bradypus_variegatus_4,-76.6667,5.7
bradypus_variegatus_4,-76.95,5.05
bradypus_variegatus_4,-77.1667,7.6667
bradypus_variegatus_4,-77.1167,8.0167
bradypus_variegatus_4,-75.6833,8.2833
bradypus_variegatus_4,-74.7333,9.1167
bradypus_variegatus_4,-76.2833,7.85
bradypus_variegatus_4,-74.3,4.5833
bradypus_variegatus_4,-67.9333,3.8667
bradypus_variegatus_4,-71.3167,12.35
bradypus_variegatus_4,-73.6167,4.15
bradypus_variegatus_4,-78.15,1.6833
bradypus_variegatus_4,-72.5167,7.9
bradypus_variegatus_4,-74.7667,-0.2
bradypus_variegatus_4,-75.3333,0.4667
bradypus_variegatus_4,-75.4,9.3
bradypus_variegatus_4,-75.35,9.5
bradypus_variegatus_4,-77.0833,3.6833
bradypus_variegatus_4,-84.5,10.3333
bradypus_variegatus_4,-83.6333,9.8833
bradypus_variegatus_4,-79.65,-3.7167
bradypus_variegatus_4,-79.75,-1.5333
bradypus_variegatus_4,-79.6,-0.4667
bradypus_variegatus_4,-77.1333,-0.7
bradypus_variegatus_4,-79.15,-0.25
bradypus_variegatus_4,-84.5333,13.95
bradypus_variegatus_4,-83.7667,12.15
bradypus_variegatus_4,-82.4,9.3
bradypus_variegatus_4,-82.5167,9.45
bradypus_variegatus_4,-82.7833,9.6
bradypus_variegatus_4,-82.25,9.1833
bradypus_variegatus_4,-79.8167,9.1667
bradypus_variegatus_4,-79.9333,9.25
bradypus_variegatus_4,-79.9,9.2167
bradypus_variegatus_4,-79.6,9.2833
bradypus_variegatus_4,-77.6,8
bradypus_variegatus_4,-77.7333,8.1333
bradypus_variegatus_4,-77.4333,7.9833
bradypus_variegatus_4,-79.5833,8.95
bradypus_variegatus_4,-79.35,9.2333
bradypus_variegatus_4,-79.8,8.8667
bradypus_variegatus_4,-79.6,8.9
bradypus_variegatus_4,-74.0833,-2.3667
bradypus_variegatus_4,-74.2167,-4.8333
bradypus_variegatus_4,-72.1,-3.3167
bradypus_variegatus_4,-72.1333,-3.4333
bradypus_variegatus_4,-73.05,-3.4667
bradypus_variegatus_4,-75.1,-6.7333
bradypus_variegatus_4,-76.05,-5.8333
bradypus_variegatus_4,-74.5333,-8.3833
bradypus_variegatus_4,-65.55,3.1667
bradypus_variegatus_4,-66.2167,5.3
microryzomys_minutus_4,-64.7,-17.85
microryzomys_minutus_4,-67.8833,-16.3
microryzomys_minutus_4,-67.9833,-15.9
microryzomys_minutus_4,-72.5667,-13.1167
microryzomys_minutus_4,-73.8167,-12.7833
microryzomys_minutus_4,-75.5333,-11.2667
microryzomys_minutus_4,-75.8667,-10.4667
microryzomys_minutus_4,-76.2333,-9.9167
microryzomys_minutus_4,-79.05,-6.9
microryzomys_minutus_4,-77.7,-6.63333
microryzomys_minutus_4,-77.55,-6.18333
microryzomys_minutus_4,-77.95,-5.88333
microryzomys_minutus_4,-79.3833,-5.11667
microryzomys_minutus_4,-79.6667,-3.66667
microryzomys_minutus_4,-79.6833,-3.63333
microryzomys_minutus_4,-79.4333,-2.8
microryzomys_minutus_4,-78.4333,-1.45
microryzomys_minutus_4,-78.4167,-1.4
microryzomys_minutus_4,-78.4833,-1.36667
microryzomys_minutus_4,-77.8833,-0.45
microryzomys_minutus_4,-78.3833,-0.36667
microryzomys_minutus_4,-78.4,-0.21667
microryzomys_minutus_4,-78.5833,-0.05
microryzomys_minutus_4,-78.8333,0.116667
microryzomys_minutus_4,-76.6,1.916667
microryzomys_minutus_4,-76.5667,1.95
microryzomys_minutus_4,-76.3,2.483333
microryzomys_minutus_4,-76.95,2.533333
microryzomys_minutus_4,-76.9167,2.583333
microryzomys_minutus_4,-77.2,2.666667
microryzomys_minutus_4,-76.95,2.666667
microryzomys_minutus_4,-74.3667,4.35
microryzomys_minutus_4,-75.3667,4.433333
microryzomys_minutus_4,-74.0833,4.566667
microryzomys_minutus_4,-75.5,4.583333
microryzomys_minutus_4,-74.0833,4.6
microryzomys_minutus_4,-75.5667,4.633333
microryzomys_minutus_4,-74.5333,4.75
microryzomys_minutus_4,-74.6333,4.85
microryzomys_minutus_4,-73.8667,4.866667
microryzomys_minutus_4,-75.55,6.166667
microryzomys_minutus_4,-76.0667,6.466667
microryzomys_minutus_4,-75.45,7.083333
microryzomys_minutus_4,-72.4333,7.45
microryzomys_minutus_4,-71.15,8.6
microryzomys_minutus_4,-71.0167,8.6
microryzomys_minutus_4,-71.35,8.633333
microryzomys_minutus_4,-70.85,8.8
microryzomys_minutus_4,-70.7667,8.983333
microryzomys_minutus_4,-70.3,9.35
microryzomys_minutus_4,-63.8667,10.11667
microryzomys_minutus_4,-63.5333,10.2
microryzomys_minutus_4,-67.1667,10.43333
microryzomys_minutus_4,-66.8667,10.55
microryzomys_minutus_4,-73.65,10.71667
microryzomys_minutus_4,-73.5,10.91667
microryzomys_minutus_4,-78.9667,-2.4
microryzomys_minutus_4,-78.5,-1.3
microryzomys_minutus_4,-78.1333,-0.36667
microryzomys_minutus_4,-78.2667,0.13333
microryzomys_minutus_4,-75.3833,4.96667
bradypus_variegatus_5,-65.4,-10.3833
bradypus_variegatus_5,-65.3833,-10.3833
bradypus_variegatus_5,-65.1333,-16.8
bradypus_variegatus_5,-64.4167,-16
bradypus_variegatus_5,-63.1667,-17.8
bradypus_variegatus_5,-60.0833,-3.1333
bradypus_variegatus_5,-64.8333,-0.5167
bradypus_variegatus_5,-60.0167,-3.1333
bradypus_variegatus_5,-62.0833,-3.8333
bradypus_variegatus_5,-55.55,-1.9167
bradypus_variegatus_5,-52.2,-1.7
bradypus_variegatus_5,-54.9833,-2.75
bradypus_variegatus_5,-55.5,-3.6667
bradypus_variegatus_5,-55.1333,-2.8333
bradypus_variegatus_5,-55,-2.4333
bradypus_variegatus_5,-55.1,-3.0833
bradypus_variegatus_5,-55.2833,-3.45
bradypus_variegatus_5,-49.6833,-2.6833
bradypus_variegatus_5,-46.7333,-23.45
bradypus_variegatus_5,-69.95,-4.15
bradypus_variegatus_5,-75.5833,6.25
bradypus_variegatus_5,-76.7167,8.1
bradypus_variegatus_5,-75.05,7.35
bradypus_variegatus_5,-75.0667,9.9667
bradypus_variegatus_5,-74,10.3
bradypus_variegatus_5,-73.4333,10.15
bradypus_variegatus_5,-77.7667,7.1167
bradypus_variegatus_5,-76.6667,5.7
bradypus_variegatus_5,-76.95,5.05
bradypus_variegatus_5,-77.1667,7.6667
bradypus_variegatus_5,-77.1167,8.0167
bradypus_variegatus_5,-74.3,4.5833
bradypus_variegatus_5,-67.9333,3.8667
bradypus_variegatus_5,-71.3167,12.35
bradypus_variegatus_5,-78.15,1.6833
bradypus_variegatus_5,-72.5833,8.5
bradypus_variegatus_5,-74.7667,-0.2
bradypus_variegatus_5,-75.3333,0.4667
bradypus_variegatus_5,-73.9167,7.1667
bradypus_variegatus_5,-75.4,9.3
bradypus_variegatus_5,-75.35,9.5
bradypus_variegatus_5,-77.0833,3.6833
bradypus_variegatus_5,-84.5,10.3333
bradypus_variegatus_5,-83.5667,9.9167
bradypus_variegatus_5,-83.4667,8.95
bradypus_variegatus_5,-79.65,-3.7167
bradypus_variegatus_5,-79.6,-0.4667
bradypus_variegatus_5,-79.15,-0.25
bradypus_variegatus_5,-85.9333,13.1833
bradypus_variegatus_5,-83.7,10.9333
bradypus_variegatus_5,-84.4333,12.15
bradypus_variegatus_5,-83.7667,12.15
bradypus_variegatus_5,-82.4,9.3
bradypus_variegatus_5,-81.8,8.9333
bradypus_variegatus_5,-82.7833,9.6
bradypus_variegatus_5,-79.8167,9.1667
bradypus_variegatus_5,-79.9333,9.25
bradypus_variegatus_5,-79.9833,9.25
bradypus_variegatus_5,-79.9,9.2167
bradypus_variegatus_5,-79.6,9.2833
bradypus_variegatus_5,-77.3,8.1667
bradypus_variegatus_5,-77.6,8
bradypus_variegatus_5,-77.75,8.1
bradypus_variegatus_5,-77.7333,8.1333
bradypus_variegatus_5,-78.3667,7.9667
bradypus_variegatus_5,-77.4333,7.9833
bradypus_variegatus_5,-79.5833,8.95
bradypus_variegatus_5,-79.8,8.8667
bradypus_variegatus_5,-77.1167,-4.65
bradypus_variegatus_5,-74.2167,-4.8333
bradypus_variegatus_5,-72.1333,-3.4333
bradypus_variegatus_5,-74.2167,-4.7
bradypus_variegatus_5,-75.1,-6.7333
bradypus_variegatus_5,-76.05,-5.8333
bradypus_variegatus_5,-74.5333,-8.3833
bradypus_variegatus_5,-65.55,3.1667
bradypus_variegatus_5,-65.9167,3.0833
bradypus_variegatus_5,-66.2167,5.3
bradypus_variegatus_5,-67.6833,10.3667
bradypus_variegatus_5,-68.3833,10.5333
bradypus_variegatus_5,-72.6,9.15
microryzomys_minutus_5,-64.7,-17.85
microryzomys_minutus_5,-67.8833,-16.3
microryzomys_minutus_5,-67.9833,-15.9
microryzomys_minutus_5,-70.9167,-13.5
microryzomys_minutus_5,-72.5,-13.1667
microryzomys_minutus_5,-72.5667,-13.1167
microryzomys_minutus_5,-72.35,-12.8833
microryzomys_minutus_5,-73.8167,-12.7833
microryzomys_minutus_5,-75.5333,-11.2667
microryzomys_minutus_5,-76.2333,-9.9167
microryzomys_minutus_5,-76.15,-9.7
microryzomys_minutus_5,-76.0333,-9.7
microryzomys_minutus_5,-79.05,-6.9
microryzomys_minutus_5,-77.7,-6.63333
microryzomys_minutus_5,-77.55,-6.18333
microryzomys_minutus_5,-77.3333,-6.11667
microryzomys_minutus_5,-77.95,-5.88333
microryzomys_minutus_5,-79.3833,-5.11667
microryzomys_minutus_5,-79.6667,-3.66667
microryzomys_minutus_5,-79.6833,-3.63333
microryzomys_minutus_5,-79.4333,-2.8
microryzomys_minutus_5,-78.4333,-1.45
microryzomys_minutus_5,-78.4167,-1.4
microryzomys_minutus_5,-78.4833,-1.36667
microryzomys_minutus_5,-77.8833,-0.45
microryzomys_minutus_5,-78.3833,-0.36667
microryzomys_minutus_5,-78.4,-0.21667
microryzomys_minutus_5,-78.5833,-0.05
microryzomys_minutus_5,-78.4167,0.116667
microryzomys_minutus_5,-78.8333,0.116667
microryzomys_minutus_5,-76.6,1.916667
microryzomys_minutus_5,-76.3,2.483333
microryzomys_minutus_5,-77.2,2.666667
microryzomys_minutus_5,-76.95,2.666667
microryzomys_minutus_5,-74.3667,4.35
microryzomys_minutus_5,-75.3667,4.433333
microryzomys_minutus_5,-74.0833,4.566667
microryzomys_minutus_5,-75.5,4.583333
microryzomys_minutus_5,-74.0833,4.6
microryzomys_minutus_5,-75.5667,4.633333
microryzomys_minutus_5,-73.8667,4.866667
microryzomys_minutus_5,-72.4333,7.45
microryzomys_minutus_5,-71.4,8.6
microryzomys_minutus_5,-71.0167,8.6
microryzomys_minutus_5,-71.35,8.633333
microryzomys_minutus_5,-71.25,8.833333
microryzomys_minutus_5,-70.7667,8.983333
microryzomys_minutus_5,-70.3,9.35
microryzomys_minutus_5,-63.8667,10.11667
microryzomys_minutus_5,-63.5333,10.2
microryzomys_minutus_5,-67.1667,10.43333
microryzomys_minutus_5,-66.8667,10.55
microryzomys_minutus_5,-73.65,10.71667
microryzomys_minutus_5,-77.8333,-6.75
microryzomys_minutus_5,-79.0167,-3.41667
microryzomys_minutus_5,-79.1333,-2.85
microryzomys_minutus_5,-78.95,-2.48333
microryzomys_minutus_5,-78.4667,-0.3
microryzomys_minutus_5,-78.2667,0.13333
microryzomys_minutus_5,-77.8167,0.6
microryzomys_minutus_5,-75.3833,4.96667
bradypus_variegatus_6,-65.3833,-10.3833
bradypus_variegatus_6,-65.1333,-16.8
bradypus_variegatus_6,-63.6667,-17.45
bradypus_variegatus_6,-63.85,-17.4
bradypus_variegatus_6,-64.4167,-16
bradypus_variegatus_6,-59.1333,-3.7
bradypus_variegatus_6,-60.0833,-3.1333
bradypus_variegatus_6,-60.0167,-3.1333
bradypus_variegatus_6,-62.0833,-3.8333
bradypus_variegatus_6,-40.0667,-19.3333
bradypus_variegatus_6,-52.6667,-3.8333
bradypus_variegatus_6,-52.2,-1.7
bradypus_variegatus_6,-54.9833,-2.75
bradypus_variegatus_6,-55.5,-3.6667
bradypus_variegatus_6,-55.1333,-2.8333
bradypus_variegatus_6,-55,-2.4333
bradypus_variegatus_6,-55.1,-3.0833
bradypus_variegatus_6,-55.2833,-3.45
bradypus_variegatus_6,-49.6833,-2.6833
bradypus_variegatus_6,-49.5,-2.25
bradypus_variegatus_6,-46.7333,-23.45
bradypus_variegatus_6,-69.95,-4.15
bradypus_variegatus_6,-76.2667,7.0167
bradypus_variegatus_6,-75.5833,6.25
bradypus_variegatus_6,-76.7167,8.1
bradypus_variegatus_6,-73.4333,10.15
bradypus_variegatus_6,-76.6833,5.1
bradypus_variegatus_6,-77.7667,7.1167
bradypus_variegatus_6,-76.6667,5.7
bradypus_variegatus_6,-77.1667,7.6667
bradypus_variegatus_6,-77.1167,8.0167
bradypus_variegatus_6,-75.6833,8.2833
bradypus_variegatus_6,-74.7333,9.1167
bradypus_variegatus_6,-74.3,4.5833
bradypus_variegatus_6,-67.9333,3.8667
bradypus_variegatus_6,-71.3167,12.35
bradypus_variegatus_6,-73.6167,4.15
bradypus_variegatus_6,-78.15,1.6833
bradypus_variegatus_6,-72.5167,7.9
bradypus_variegatus_6,-74.7667,-0.2
bradypus_variegatus_6,-75.3333,0.4667
bradypus_variegatus_6,-73.9167,7.1667
bradypus_variegatus_6,-75.4,9.3
bradypus_variegatus_6,-75.35,9.5
bradypus_variegatus_6,-76.9333,4
bradypus_variegatus_6,-77.0833,3.6833
bradypus_variegatus_6,-83.4667,8.95
bradypus_variegatus_6,-79.65,-3.7167
bradypus_variegatus_6,-77.1333,-0.7
bradypus_variegatus_6,-77.95,-1.4833
bradypus_variegatus_6,-79.15,-0.25
bradypus_variegatus_6,-85.9333,13.1833
bradypus_variegatus_6,-83.7,10.9333
bradypus_variegatus_6,-84.5333,13.95
bradypus_variegatus_6,-84.4333,12.15
bradypus_variegatus_6,-83.7667,12.15
bradypus_variegatus_6,-82.4,9.3
bradypus_variegatus_6,-82.5167,9.45
bradypus_variegatus_6,-81.8,8.9333
bradypus_variegatus_6,-82.7833,9.6
bradypus_variegatus_6,-82.25,9.1833
bradypus_variegatus_6,-79.8167,9.1667
bradypus_variegatus_6,-79.9333,9.25
bradypus_variegatus_6,-79.9833,9.25
bradypus_variegatus_6,-79.6,9.2833
bradypus_variegatus_6,-77.6,8
bradypus_variegatus_6,-77.7333,8.1333
bradypus_variegatus_6,-78.3667,7.9667
bradypus_variegatus_6,-77.4333,7.9833
bradypus_variegatus_6,-79.5833,8.95
bradypus_variegatus_6,-79.35,9.2333
bradypus_variegatus_6,-79.6,8.9
bradypus_variegatus_6,-74.2167,-4.8333
bradypus_variegatus_6,-72.1,-3.3167
bradypus_variegatus_6,-73.05,-3.4667
bradypus_variegatus_6,-75.1,-6.7333
bradypus_variegatus_6,-76.05,-5.8333
bradypus_variegatus_6,-74.5333,-8.3833
bradypus_variegatus_6,-66.2167,5.3
bradypus_variegatus_6,-67.6833,10.3667
bradypus_variegatus_6,-66.8333,10.3667
microryzomys_minutus_6,-64.7,-17.85
microryzomys_minutus_6,-67.8333,-16.3333
microryzomys_minutus_6,-67.8833,-16.3
microryzomys_minutus_6,-67.9833,-15.9
microryzomys_minutus_6,-70.9167,-13.5
microryzomys_minutus_6,-72.5,-13.1667
microryzomys_minutus_6,-72.5667,-13.1167
microryzomys_minutus_6,-72.35,-12.8833
microryzomys_minutus_6,-73.8167,-12.7833
microryzomys_minutus_6,-75.5333,-11.2667
microryzomys_minutus_6,-76.15,-9.7
microryzomys_minutus_6,-79.05,-6.9
microryzomys_minutus_6,-77.7,-6.63333
microryzomys_minutus_6,-77.3333,-6.11667
microryzomys_minutus_6,-78.1667,-5.5
microryzomys_minutus_6,-79.6,-5.4
microryzomys_minutus_6,-79.3833,-5.11667
microryzomys_minutus_6,-79.4333,-2.8
microryzomys_minutus_6,-78.9833,-2.28333
microryzomys_minutus_6,-78.4333,-1.45
microryzomys_minutus_6,-78.4167,-1.4
microryzomys_minutus_6,-78.4833,-1.36667
microryzomys_minutus_6,-77.8833,-0.45
microryzomys_minutus_6,-78.5833,-0.05
microryzomys_minutus_6,-78.4167,0.116667
microryzomys_minutus_6,-78.8333,0.116667
microryzomys_minutus_6,-78.5333,0.15
microryzomys_minutus_6,-76.4833,1.95
microryzomys_minutus_6,-76.5667,1.95
microryzomys_minutus_6,-77.2,2.666667
microryzomys_minutus_6,-76.95,2.666667
microryzomys_minutus_6,-74.3667,4.35
microryzomys_minutus_6,-75.3667,4.433333
microryzomys_minutus_6,-74.0833,4.566667
microryzomys_minutus_6,-75.5,4.583333
microryzomys_minutus_6,-74.0833,4.6
microryzomys_minutus_6,-75.5667,4.633333
microryzomys_minutus_6,-74.5333,4.75
microryzomys_minutus_6,-74.6333,4.85
microryzomys_minutus_6,-73.8667,4.866667
microryzomys_minutus_6,-75.55,6.166667
microryzomys_minutus_6,-75.45,7.083333
microryzomys_minutus_6,-71.15,8.6
microryzomys_minutus_6,-71.35,8.633333
microryzomys_minutus_6,-71.0833,8.75
microryzomys_minutus_6,-70.85,8.8
microryzomys_minutus_6,-70.7667,8.983333
microryzomys_minutus_6,-70.3,9.35
microryzomys_minutus_6,-63.8667,10.11667
microryzomys_minutus_6,-63.5333,10.2
microryzomys_minutus_6,-67.1667,10.43333
microryzomys_minutus_6,-66.8667,10.55
microryzomys_minutus_6,-73.65,10.71667
microryzomys_minutus_6,-77.8333,-6.75
microryzomys_minutus_6,-79.0167,-3.41667
microryzomys_minutus_6,-78.95,-2.48333
microryzomys_minutus_6,-78.1333,-0.36667
microryzomys_minutus_6,-78.4667,-0.3
microryzomys_minutus_6,-78.55,-0.16667
microryzomys_minutus_6,-78.2667,0.13333
microryzomys_minutus_6,-75.3833,4.96667
bradypus_variegatus_7,-65.4,-10.3833
bradypus_variegatus_7,-65.3833,-10.3833
bradypus_variegatus_7,-63.6667,-17.45
bradypus_variegatus_7,-64.4167,-16
bradypus_variegatus_7,-63.1667,-17.8
bradypus_variegatus_7,-59.1333,-3.7
bradypus_variegatus_7,-60.0833,-3.1333
bradypus_variegatus_7,-64.8333,-0.5167
bradypus_variegatus_7,-62.0833,-3.8333
bradypus_variegatus_7,-52.6667,-3.8333
bradypus_variegatus_7,-54.9833,-2.75
bradypus_variegatus_7,-55,-2.4333
bradypus_variegatus_7,-54.7,-2.4333
bradypus_variegatus_7,-55.1,-3.0833
bradypus_variegatus_7,-55.2833,-3.45
bradypus_variegatus_7,-49.5,-2.25
bradypus_variegatus_7,-49.5,-2.5833
bradypus_variegatus_7,-46.7333,-23.45
bradypus_variegatus_7,-69.95,-4.15
bradypus_variegatus_7,-75.05,7.35
bradypus_variegatus_7,-74,10.3
bradypus_variegatus_7,-76.6833,5.1
bradypus_variegatus_7,-76.6667,5.7
bradypus_variegatus_7,-77.1667,7.6667
bradypus_variegatus_7,-77.1167,8.0167
bradypus_variegatus_7,-75.6833,8.2833
bradypus_variegatus_7,-74.7333,9.1167
bradypus_variegatus_7,-76.2833,7.85
bradypus_variegatus_7,-74.3,4.5833
bradypus_variegatus_7,-67.9333,3.8667
bradypus_variegatus_7,-73.6167,4.15
bradypus_variegatus_7,-78.15,1.6833
bradypus_variegatus_7,-72.5167,7.9
bradypus_variegatus_7,-73.9167,7.1667
bradypus_variegatus_7,-75.4,9.3
bradypus_variegatus_7,-76.9333,4
bradypus_variegatus_7,-84.5,10.3333
bradypus_variegatus_7,-83.6333,9.8833
bradypus_variegatus_7,-84.0167,10.6333
bradypus_variegatus_7,-83.5667,9.9167
bradypus_variegatus_7,-79.65,-3.7167
bradypus_variegatus_7,-79.4667,0.3333
bradypus_variegatus_7,-79.75,-1.5333
bradypus_variegatus_7,-79.6,-0.4667
bradypus_variegatus_7,-77.1333,-0.7
bradypus_variegatus_7,-77.95,-1.4833
bradypus_variegatus_7,-79.15,-0.25
bradypus_variegatus_7,-84.5333,13.95
bradypus_variegatus_7,-84.4333,12.15
bradypus_variegatus_7,-82.4,9.3
bradypus_variegatus_7,-82.5167,9.45
bradypus_variegatus_7,-81.8,8.9333
bradypus_variegatus_7,-82.7833,9.6
bradypus_variegatus_7,-82.25,9.1833
bradypus_variegatus_7,-79.8167,9.1667
bradypus_variegatus_7,-79.9333,9.25
bradypus_variegatus_7,-79.9833,9.25
bradypus_variegatus_7,-79.9,9.2167
bradypus_variegatus_7,-79.6,9.2833
bradypus_variegatus_7,-77.3,8.1667
bradypus_variegatus_7,-77.6,8
bradypus_variegatus_7,-77.75,8.1
bradypus_variegatus_7,-77.7333,8.1333
bradypus_variegatus_7,-79.5833,8.95
bradypus_variegatus_7,-79.85,9.15
bradypus_variegatus_7,-79.35,9.2333
bradypus_variegatus_7,-79.8,8.8667
bradypus_variegatus_7,-77.1167,-4.65
bradypus_variegatus_7,-74.0833,-2.3667
bradypus_variegatus_7,-73.25,-3.7667
bradypus_variegatus_7,-74.2167,-4.8333
bradypus_variegatus_7,-73.05,-3.4667
bradypus_variegatus_7,-74.2167,-4.7
bradypus_variegatus_7,-76.05,-5.8333
bradypus_variegatus_7,-74.5333,-8.3833
bradypus_variegatus_7,-65.55,3.1667
bradypus_variegatus_7,-65.9167,3.0833
bradypus_variegatus_7,-66.2167,5.3
bradypus_variegatus_7,-67.6833,10.3667
bradypus_variegatus_7,-68.3833,10.5333
bradypus_variegatus_7,-72.6,9.15
microryzomys_minutus_7,-64.7,-17.85
microryzomys_minutus_7,-67.8333,-16.3333
microryzomys_minutus_7,-67.8833,-16.3
microryzomys_minutus_7,-67.8,-16.2667
microryzomys_minutus_7,-70.9167,-13.5
microryzomys_minutus_7,-72.5,-13.1667
microryzomys_minutus_7,-75.7,-11.4167
microryzomys_minutus_7,-75.5333,-11.2667
microryzomys_minutus_7,-75.8667,-10.4667
microryzomys_minutus_7,-76.2333,-9.9167
microryzomys_minutus_7,-76.15,-9.7
microryzomys_minutus_7,-76.0333,-9.7
microryzomys_minutus_7,-79.05,-6.9
microryzomys_minutus_7,-77.55,-6.18333
microryzomys_minutus_7,-77.3333,-6.11667
microryzomys_minutus_7,-77.95,-5.88333
microryzomys_minutus_7,-78.1667,-5.5
microryzomys_minutus_7,-79.3833,-5.11667
microryzomys_minutus_7,-79.6667,-3.66667
microryzomys_minutus_7,-79.4333,-2.8
microryzomys_minutus_7,-78.9833,-2.28333
microryzomys_minutus_7,-78.4833,-1.36667
microryzomys_minutus_7,-77.8833,-0.45
microryzomys_minutus_7,-78.3833,-0.36667
microryzomys_minutus_7,-78.4,-0.21667
microryzomys_minutus_7,-78.4167,0.116667
microryzomys_minutus_7,-78.5333,0.15
microryzomys_minutus_7,-78.8667,0.2
microryzomys_minutus_7,-76.6,1.916667
microryzomys_minutus_7,-76.3,2.483333
microryzomys_minutus_7,-76.95,2.533333
microryzomys_minutus_7,-77.2,2.666667
microryzomys_minutus_7,-76.95,2.666667
microryzomys_minutus_7,-74.3667,4.35
microryzomys_minutus_7,-75.3667,4.433333
microryzomys_minutus_7,-75.5667,4.633333
microryzomys_minutus_7,-74.5333,4.75
microryzomys_minutus_7,-74.6333,4.85
microryzomys_minutus_7,-75.45,7.083333
microryzomys_minutus_7,-72.4333,7.45
microryzomys_minutus_7,-71.15,8.6
microryzomys_minutus_7,-71.0167,8.6
microryzomys_minutus_7,-71.35,8.633333
microryzomys_minutus_7,-71.0833,8.75
microryzomys_minutus_7,-70.85,8.8
microryzomys_minutus_7,-71.25,8.833333
microryzomys_minutus_7,-63.8667,10.11667
microryzomys_minutus_7,-63.5333,10.2
microryzomys_minutus_7,-67.1667,10.43333
microryzomys_minutus_7,-66.8667,10.55
microryzomys_minutus_7,-73.65,10.71667
microryzomys_minutus_7,-73.5,10.91667
microryzomys_minutus_7,-77.8333,-6.75
microryzomys_minutus_7,-79.0167,-3.41667
microryzomys_minutus_7,-78.95,-2.48333
microryzomys_minutus_7,-78.9667,-2.4
microryzomys_minutus_7,-78.5,-1.3
microryzomys_minutus_7,-78.1333,-0.36667
microryzomys_minutus_7,-78.55,-0.16667
microryzomys_minutus_7,-78.2667,0.13333
microryzomys_minutus_7,-75.3833,4.96667
bradypus_variegatus_8,-65.4,-10.3833
bradypus_variegatus_8,-63.6667,-17.45
bradypus_variegatus_8,-63.85,-17.4
bradypus_variegatus_8,-64.4167,-16
bradypus_variegatus_8,-63.1667,-17.8
bradypus_variegatus_8,-56.7333,-2.6
bradypus_variegatus_8,-60.0833,-3.1333
bradypus_variegatus_8,-64.8333,-0.5167
bradypus_variegatus_8,-60.0167,-3.1333
bradypus_variegatus_8,-40.0667,-19.3333
bradypus_variegatus_8,-52.6667,-3.8333
bradypus_variegatus_8,-49.5,-1
bradypus_variegatus_8,-52.2,-1.7
bradypus_variegatus_8,-54.9833,-2.75
bradypus_variegatus_8,-55.1333,-2.8333
bradypus_variegatus_8,-54.7,-2.4333
bradypus_variegatus_8,-55.2833,-3.45
bradypus_variegatus_8,-49.5,-2.25
bradypus_variegatus_8,-49.5,-2.5833
bradypus_variegatus_8,-46.7333,-23.45
bradypus_variegatus_8,-76.2667,7.0167
bradypus_variegatus_8,-75.5833,6.25
bradypus_variegatus_8,-76.7167,8.1
bradypus_variegatus_8,-75.0667,9.9667
bradypus_variegatus_8,-76.6833,5.1
bradypus_variegatus_8,-77.7667,7.1167
bradypus_variegatus_8,-77.1667,7.6667
bradypus_variegatus_8,-77.1167,8.0167
bradypus_variegatus_8,-74.7333,9.1167
bradypus_variegatus_8,-76.2833,7.85
bradypus_variegatus_8,-74.3,4.5833
bradypus_variegatus_8,-71.3167,12.35
bradypus_variegatus_8,-73.6167,4.15
bradypus_variegatus_8,-78.15,1.6833
bradypus_variegatus_8,-72.5833,8.5
bradypus_variegatus_8,-74.7667,-0.2
bradypus_variegatus_8,-75.3333,0.4667
bradypus_variegatus_8,-75.4,9.3
bradypus_variegatus_8,-76.9333,4
bradypus_variegatus_8,-77.0833,3.6833
bradypus_variegatus_8,-84.5,10.3333
bradypus_variegatus_8,-83.6333,9.8833
bradypus_variegatus_8,-84.0167,10.6333
bradypus_variegatus_8,-79.65,-3.7167
bradypus_variegatus_8,-79.75,-1.5333
bradypus_variegatus_8,-79.6,-0.4667
bradypus_variegatus_8,-77.1333,-0.7
bradypus_variegatus_8,-77.95,-1.4833
bradypus_variegatus_8,-79.15,-0.25
bradypus_variegatus_8,-83.7,10.9333
bradypus_variegatus_8,-84.5333,13.95
bradypus_variegatus_8,-84.4333,12.15
bradypus_variegatus_8,-83.7667,12.15
bradypus_variegatus_8,-82.5167,9.45
bradypus_variegatus_8,-81.8,8.9333
bradypus_variegatus_8,-82.7833,9.6
bradypus_variegatus_8,-82.25,9.1833
bradypus_variegatus_8,-79.8167,9.1667
bradypus_variegatus_8,-79.9333,9.25
bradypus_variegatus_8,-77.3,8.1667
bradypus_variegatus_8,-77.75,8.1
bradypus_variegatus_8,-77.7333,8.1333
bradypus_variegatus_8,-77.4333,7.9833
bradypus_variegatus_8,-79.5833,8.95
bradypus_variegatus_8,-79.85,9.15
bradypus_variegatus_8,-79.8,8.8667
bradypus_variegatus_8,-79.6,8.9
bradypus_variegatus_8,-77.1167,-4.65
bradypus_variegatus_8,-74.0833,-2.3667
bradypus_variegatus_8,-73.25,-3.7667
bradypus_variegatus_8,-72.1,-3.3167
bradypus_variegatus_8,-72.1333,-3.4333
bradypus_variegatus_8,-73.05,-3.4667
bradypus_variegatus_8,-74.2167,-4.7
bradypus_variegatus_8,-75.1,-6.7333
bradypus_variegatus_8,-76.05,-5.8333
bradypus_variegatus_8,-74.5333,-8.3833
bradypus_variegatus_8,-65.55,3.1667
bradypus_variegatus_8,-66.2167,5.3
bradypus_variegatus_8,-67.6833,10.3667
bradypus_variegatus_8,-68.3833,10.5333
microryzomys_minutus_8,-64.7,-17.85
microryzomys_minutus_8,-67.8,-16.2667
microryzomys_minutus_8,-67.9833,-15.9
microryzomys_minutus_8,-72.5,-13.1667
microryzomys_minutus_8,-72.5667,-13.1167
microryzomys_minutus_8,-73.8167,-12.7833
microryzomys_minutus_8,-75.7,-11.4167
microryzomys_minutus_8,-75.5333,-11.2667
microryzomys_minutus_8,-75.8667,-10.4667
microryzomys_minutus_8,-76.2333,-9.9167
microryzomys_minutus_8,-76.0333,-9.7
microryzomys_minutus_8,-77.7,-6.63333
microryzomys_minutus_8,-77.55,-6.18333
microryzomys_minutus_8,-77.3333,-6.11667
microryzomys_minutus_8,-77.95,-5.88333
microryzomys_minutus_8,-78.1667,-5.5
microryzomys_minutus_8,-79.6667,-3.66667
microryzomys_minutus_8,-79.6833,-3.63333
microryzomys_minutus_8,-78.9833,-2.28333
microryzomys_minutus_8,-78.4333,-1.45
microryzomys_minutus_8,-77.8833,-0.45
microryzomys_minutus_8,-78.6,-0.1
microryzomys_minutus_8,-78.5833,-0.05
microryzomys_minutus_8,-78.4167,0.116667
microryzomys_minutus_8,-78.5333,0.15
microryzomys_minutus_8,-78.8667,0.2
microryzomys_minutus_8,-76.6,1.916667
microryzomys_minutus_8,-76.4833,1.95
microryzomys_minutus_8,-76.95,2.533333
microryzomys_minutus_8,-76.9167,2.583333
microryzomys_minutus_8,-77.2,2.666667
microryzomys_minutus_8,-76.95,2.666667
microryzomys_minutus_8,-75.3667,4.433333
microryzomys_minutus_8,-75.5,4.583333
microryzomys_minutus_8,-74.0833,4.6
microryzomys_minutus_8,-74.5333,4.75
microryzomys_minutus_8,-74.6333,4.85
microryzomys_minutus_8,-73.8667,4.866667
microryzomys_minutus_8,-75.55,6.166667
microryzomys_minutus_8,-76.0667,6.466667
microryzomys_minutus_8,-75.45,7.083333
microryzomys_minutus_8,-72.4333,7.45
microryzomys_minutus_8,-71.15,8.6
microryzomys_minutus_8,-71.0167,8.6
microryzomys_minutus_8,-71.35,8.633333
microryzomys_minutus_8,-71.0833,8.75
microryzomys_minutus_8,-71.25,8.833333
microryzomys_minutus_8,-70.3,9.35
microryzomys_minutus_8,-63.8667,10.11667
microryzomys_minutus_8,-67.1667,10.43333
microryzomys_minutus_8,-66.8667,10.55
microryzomys_minutus_8,-73.5,10.91667
microryzomys_minutus_8,-79.0167,-3.41667
microryzomys_minutus_8,-79.1333,-2.85
microryzomys_minutus_8,-78.9667,-2.4
microryzomys_minutus_8,-78.5,-1.3
microryzomys_minutus_8,-78.1333,-0.36667
microryzomys_minutus_8,-78.55,-0.16667
microryzomys_minutus_8,-78.2667,0.13333
microryzomys_minutus_8,-77.8167,0.6
microryzomys_minutus_8,-75.3833,4.96667
bradypus_variegatus_9,-65.4,-10.3833
bradypus_variegatus_9,-65.3833,-10.3833
bradypus_variegatus_9,-65.1333,-16.8
bradypus_variegatus_9,-63.6667,-17.45
bradypus_variegatus_9,-63.1667,-17.8
bradypus_variegatus_9,-56.7333,-2.6
bradypus_variegatus_9,-59.1333,-3.7
bradypus_variegatus_9,-64.8333,-0.5167
bradypus_variegatus_9,-60.0167,-3.1333
bradypus_variegatus_9,-52.6667,-3.8333
bradypus_variegatus_9,-49.5,-1
bradypus_variegatus_9,-55.55,-1.9167
bradypus_variegatus_9,-52.2,-1.7
bradypus_variegatus_9,-54.9833,-2.75
bradypus_variegatus_9,-55.1333,-2.8333
bradypus_variegatus_9,-54.7,-2.4333
bradypus_variegatus_9,-55.1,-3.0833
bradypus_variegatus_9,-49.6833,-2.6833
bradypus_variegatus_9,-49.5,-2.25
bradypus_variegatus_9,-49.5,-2.5833
bradypus_variegatus_9,-46.7333,-23.45
bradypus_variegatus_9,-76.7167,8.1
bradypus_variegatus_9,-75.05,7.35
bradypus_variegatus_9,-75.0667,9.9667
bradypus_variegatus_9,-74,10.3
bradypus_variegatus_9,-73.4333,10.15
bradypus_variegatus_9,-77.7667,7.1167
bradypus_variegatus_9,-76.6667,5.7
bradypus_variegatus_9,-76.95,5.05
bradypus_variegatus_9,-77.1167,8.0167
bradypus_variegatus_9,-76.2833,7.85
bradypus_variegatus_9,-67.9333,3.8667
bradypus_variegatus_9,-73.6167,4.15
bradypus_variegatus_9,-78.15,1.6833
bradypus_variegatus_9,-72.5833,8.5
bradypus_variegatus_9,-72.5167,7.9
bradypus_variegatus_9,-74.7667,-0.2
bradypus_variegatus_9,-73.9167,7.1667
bradypus_variegatus_9,-75.4,9.3
bradypus_variegatus_9,-75.35,9.5
bradypus_variegatus_9,-76.9333,4
bradypus_variegatus_9,-77.0833,3.6833
bradypus_variegatus_9,-83.6333,9.8833
bradypus_variegatus_9,-84.0167,10.6333
bradypus_variegatus_9,-83.4667,8.95
bradypus_variegatus_9,-79.65,-3.7167
bradypus_variegatus_9,-79.4667,0.3333
bradypus_variegatus_9,-79.6,-0.4667
bradypus_variegatus_9,-77.95,-1.4833
bradypus_variegatus_9,-79.15,-0.25
bradypus_variegatus_9,-85.9333,13.1833
bradypus_variegatus_9,-83.7,10.9333
bradypus_variegatus_9,-84.4333,12.15
bradypus_variegatus_9,-83.7667,12.15
bradypus_variegatus_9,-82.4,9.3
bradypus_variegatus_9,-82.5167,9.45
bradypus_variegatus_9,-79.9,9.2167
bradypus_variegatus_9,-79.6,9.2833
bradypus_variegatus_9,-77.3,8.1667
bradypus_variegatus_9,-77.75,8.1
bradypus_variegatus_9,-77.7333,8.1333
bradypus_variegatus_9,-78.3667,7.9667
bradypus_variegatus_9,-77.4333,7.9833
bradypus_variegatus_9,-79.5833,8.95
bradypus_variegatus_9,-79.85,9.15
bradypus_variegatus_9,-79.8,8.8667
bradypus_variegatus_9,-79.6,8.9
bradypus_variegatus_9,-77.1167,-4.65
bradypus_variegatus_9,-74.0833,-2.3667
bradypus_variegatus_9,-74.2167,-4.8333
bradypus_variegatus_9,-72.1333,-3.4333
bradypus_variegatus_9,-73.05,-3.4667
bradypus_variegatus_9,-75.1,-6.7333
bradypus_variegatus_9,-76.05,-5.8333
bradypus_variegatus_9,-74.5333,-8.3833
bradypus_variegatus_9,-65.55,3.1667
bradypus_variegatus_9,-65.9167,3.0833
bradypus_variegatus_9,-66.2167,5.3
bradypus_variegatus_9,-67.6833,10.3667
bradypus_variegatus_9,-68.3833,10.5333
bradypus_variegatus_9,-66.8333,10.3667
microryzomys_minutus_9,-64.7,-17.85
microryzomys_minutus_9,-67.9833,-15.9
microryzomys_minutus_9,-70.9167,-13.5
microryzomys_minutus_9,-72.5,-13.1667
microryzomys_minutus_9,-72.5667,-13.1167
microryzomys_minutus_9,-72.35,-12.8833
microryzomys_minutus_9,-73.8167,-12.7833
microryzomys_minutus_9,-75.7,-11.4167
microryzomys_minutus_9,-75.5333,-11.2667
microryzomys_minutus_9,-75.8667,-10.4667
microryzomys_minutus_9,-76.15,-9.7
microryzomys_minutus_9,-76.0333,-9.7
microryzomys_minutus_9,-79.05,-6.9
microryzomys_minutus_9,-77.55,-6.18333
microryzomys_minutus_9,-77.3333,-6.11667
microryzomys_minutus_9,-77.95,-5.88333
microryzomys_minutus_9,-78.1667,-5.5
microryzomys_minutus_9,-79.6,-5.4
microryzomys_minutus_9,-79.3833,-5.11667
microryzomys_minutus_9,-78.9833,-2.28333
microryzomys_minutus_9,-78.4167,-1.4
microryzomys_minutus_9,-78.4833,-1.36667
microryzomys_minutus_9,-77.8833,-0.45
microryzomys_minutus_9,-78.3833,-0.36667
microryzomys_minutus_9,-78.5833,-0.05
microryzomys_minutus_9,-78.4167,0.116667
microryzomys_minutus_9,-78.8333,0.116667
microryzomys_minutus_9,-78.5333,0.15
microryzomys_minutus_9,-76.6,1.916667
microryzomys_minutus_9,-76.5667,1.95
microryzomys_minutus_9,-76.3,2.483333
microryzomys_minutus_9,-76.95,2.533333
microryzomys_minutus_9,-77.2,2.666667
microryzomys_minutus_9,-74.3667,4.35
microryzomys_minutus_9,-75.3667,4.433333
microryzomys_minutus_9,-74.0833,4.566667
microryzomys_minutus_9,-74.0833,4.6
microryzomys_minutus_9,-75.5667,4.633333
microryzomys_minutus_9,-74.5333,4.75
microryzomys_minutus_9,-74.6333,4.85
microryzomys_minutus_9,-73.8667,4.866667
microryzomys_minutus_9,-75.55,6.166667
microryzomys_minutus_9,-75.45,7.083333
microryzomys_minutus_9,-71.15,8.6
microryzomys_minutus_9,-71.4,8.6
microryzomys_minutus_9,-71.35,8.633333
microryzomys_minutus_9,-71.0833,8.75
microryzomys_minutus_9,-70.85,8.8
microryzomys_minutus_9,-71.25,8.833333
microryzomys_minutus_9,-63.5333,10.2
microryzomys_minutus_9,-67.1667,10.43333
microryzomys_minutus_9,-66.8667,10.55
microryzomys_minutus_9,-73.65,10.71667
microryzomys_minutus_9,-79.1333,-2.85
microryzomys_minutus_9,-78.95,-2.48333
microryzomys_minutus_9,-78.9667,-2.4
microryzomys_minutus_9,-78.5,-1.3
microryzomys_minutus_9,-78.1333,-0.36667
microryzomys_minutus_9,-78.4667,-0.3
microryzomys_minutus_9,-77.8167,0.6
microryzomys_minutus_9,-75.3833,4.96667
