species,dd long,dd lat
bradypus_variegatus_0,-65.3833,-10.3833
bradypus_variegatus_0,-63.6667,-17.45
bradypus_variegatus_0,-64.4167,-16
bradypus_variegatus_0,-52.6667,-3.8333
bradypus_variegatus_0,-55.55,-1.9167
bradypus_variegatus_0,-55.2833,-3.45
bradypus_variegatus_0,-49.5,-2.25
bradypus_variegatus_0,-46.7333,-23.45
bradypus_variegatus_0,-76.2667,7.0167
bradypus_variegatus_0,-76.7167,8.1
bradypus_variegatus_0,-75.05,7.35
bradypus_variegatus_0,-74,10.3
bradypus_variegatus_0,-77.7667,7.1167
bradypus_variegatus_0,-76.6667,5.7
bradypus_variegatus_0,-75.6833,8.2833
bradypus_variegatus_0,-74.7333,9.1167
bradypus_variegatus_0,-74.3,4.5833
bradypus_variegatus_0,-73.6167,4.15
bradypus_variegatus_0,-72.5167,7.9
bradypus_variegatus_0,-73.9167,7.1667
bradypus_variegatus_0,-76.9333,4
bradypus_variegatus_0,-83.4667,8.95
bradypus_variegatus_0,-79.4667,0.3333
bradypus_variegatus_0,-79.75,-1.5333
bradypus_variegatus_0,-85.9333,13.1833
bradypus_variegatus_0,-81.8,8.9333
bradypus_variegatus_0,-82.25,9.1833
bradypus_variegatus_0,-79.8167,9.1667
bradypus_variegatus_0,-79.9333,9.25
bradypus_variegatus_0,-77.3,8.1667
bradypus_variegatus_0,-79.5833,8.95
bradypus_variegatus_0,-79.35,9.2333
bradypus_variegatus_0,-79.6,8.9
bradypus_variegatus_0,-72.1,-3.3167
bradypus_variegatus_0,-76.05,-5.8333
microryzomys_minutus_0,-72.5,-13.1667
microryzomys_minutus_0,-72.5667,-13.1167
microryzomys_minutus_0,-75.8667,-10.4667
microryzomys_minutus_0,-77.55,-6.18333
microryzomys_minutus_0,-78.9833,-2.28333
microryzomys_minutus_0,-78.4333,-1.45
microryzomys_minutus_0,-77.8833,-0.45
microryzomys_minutus_0,-78.4,-0.21667
microryzomys_minutus_0,-78.6,-0.1
microryzomys_minutus_0,-76.6,1.916667
microryzomys_minutus_0,-76.5667,1.95
microryzomys_minutus_0,-76.95,2.533333
microryzomys_minutus_0,-77.2,2.666667
microryzomys_minutus_0,-75.3667,4.433333
microryzomys_minutus_0,-75.5667,4.633333
microryzomys_minutus_0,-74.6333,4.85
microryzomys_minutus_0,-75.55,6.166667
microryzomys_minutus_0,-76.0667,6.466667
microryzomys_minutus_0,-71.4,8.6
microryzomys_minutus_0,-71.35,8.633333
microryzomys_minutus_0,-63.5333,10.2
microryzomys_minutus_0,-73.65,10.71667
microryzomys_minutus_0,-79.0167,-3.41667
microryzomys_minutus_0,-78.5,-1.3
microryzomys_minutus_0,-78.1333,-0.36667
microryzomys_minutus_0,-77.8167,0.6
microryzomys_minutus_0,-75.3833,4.96667
bradypus_variegatus_1,-65.4,-10.3833
bradypus_variegatus_1,-65.1333,-16.8
bradypus_variegatus_1,-64.8333,-0.5167
bradypus_variegatus_1,-60.0167,-3.1333
bradypus_variegatus_1,-55.55,-1.9167
bradypus_variegatus_1,-55.5,-3.6667
bradypus_variegatus_1,-55.1333,-2.8333
bradypus_variegatus_1,-55,-2.4333
bradypus_variegatus_1,-54.7,-2.4333
bradypus_variegatus_1,-55.2833,-3.45
bradypus_variegatus_1,-73.4333,10.15
bradypus_variegatus_1,-76.6833,5.1
bradypus_variegatus_1,-76.6667,5.7
bradypus_variegatus_1,-74.7333,9.1167
bradypus_variegatus_1,-71.3167,12.35
bradypus_variegatus_1,-72.5833,8.5
bradypus_variegatus_1,-76.9333,4
bradypus_variegatus_1,-79.65,-3.7167
bradypus_variegatus_1,-79.4667,0.3333
bradypus_variegatus_1,-79.75,-1.5333
bradypus_variegatus_1,-79.6,-0.4667
bradypus_variegatus_1,-83.7,10.9333
bradypus_variegatus_1,-83.7667,12.15
bradypus_variegatus_1,-82.5167,9.45
bradypus_variegatus_1,-81.8,8.9333
bradypus_variegatus_1,-82.7833,9.6
bradypus_variegatus_1,-82.25,9.1833
bradypus_variegatus_1,-79.9833,9.25
bradypus_variegatus_1,-77.7333,8.1333
bradypus_variegatus_1,-79.5833,8.95
bradypus_variegatus_1,-74.2167,-4.8333
bradypus_variegatus_1,-65.55,3.1667
bradypus_variegatus_1,-67.6833,10.3667
bradypus_variegatus_1,-68.3833,10.5333
bradypus_variegatus_1,-72.6,9.15
microryzomys_minutus_1,-64.7,-17.85
microryzomys_minutus_1,-67.9833,-15.9
microryzomys_minutus_1,-72.5667,-13.1167
microryzomys_minutus_1,-72.35,-12.8833
microryzomys_minutus_1,-76.15,-9.7
microryzomys_minutus_1,-79.05,-6.9
microryzomys_minutus_1,-77.7,-6.63333
microryzomys_minutus_1,-77.55,-6.18333
microryzomys_minutus_1,-77.3333,-6.11667
microryzomys_minutus_1,-79.6,-5.4
microryzomys_minutus_1,-79.6667,-3.66667
microryzomys_minutus_1,-79.6833,-3.63333
microryzomys_minutus_1,-78.9833,-2.28333
microryzomys_minutus_1,-78.4167,0.116667
microryzomys_minutus_1,-78.5333,0.15
microryzomys_minutus_1,-76.4833,1.95
microryzomys_minutus_1,-77.2,2.666667
microryzomys_minutus_1,-76.95,2.666667
microryzomys_minutus_1,-75.3667,4.433333
microryzomys_minutus_1,-74.0833,4.6
microryzomys_minutus_1,-75.55,6.166667
microryzomys_minutus_1,-71.35,8.633333
microryzomys_minutus_1,-70.7667,8.983333
microryzomys_minutus_1,-67.1667,10.43333
microryzomys_minutus_1,-77.8333,-6.75
microryzomys_minutus_1,-79.1333,-2.85
microryzomys_minutus_1,-78.4667,-0.3
bradypus_variegatus_2,-65.3833,-10.3833
bradypus_variegatus_2,-63.85,-17.4
bradypus_variegatus_2,-64.8333,-0.5167
bradypus_variegatus_2,-55.55,-1.9167
bradypus_variegatus_2,-55.5,-3.6667
bradypus_variegatus_2,-55,-2.4333
bradypus_variegatus_2,-54.7,-2.4333
bradypus_variegatus_2,-69.95,-4.15
bradypus_variegatus_2,-76.6833,5.1
bradypus_variegatus_2,-76.6667,5.7
bradypus_variegatus_2,-77.1667,7.6667
bradypus_variegatus_2,-77.1167,8.0167
bradypus_variegatus_2,-75.6833,8.2833
bradypus_variegatus_2,-74.7333,9.1167
bradypus_variegatus_2,-76.2833,7.85
bradypus_variegatus_2,-74.3,4.5833
bradypus_variegatus_2,-67.9333,3.8667
bradypus_variegatus_2,-73.6167,4.15
bradypus_variegatus_2,-72.5833,8.5
bradypus_variegatus_2,-72.5167,7.9
bradypus_variegatus_2,-75.35,9.5
bradypus_variegatus_2,-79.15,-0.25
bradypus_variegatus_2,-85.9333,13.1833
bradypus_variegatus_2,-84.5333,13.95
bradypus_variegatus_2,-79.9333,9.25
bradypus_variegatus_2,-79.9,9.2167
bradypus_variegatus_2,-79.6,9.2833
bradypus_variegatus_2,-77.75,8.1
bradypus_variegatus_2,-79.6,8.9
bradypus_variegatus_2,-72.1,-3.3167
bradypus_variegatus_2,-72.1333,-3.4333
bradypus_variegatus_2,-74.2167,-4.7
bradypus_variegatus_2,-65.55,3.1667
bradypus_variegatus_2,-67.6833,10.3667
bradypus_variegatus_2,-66.8333,10.3667
microryzomys_minutus_2,-67.8,-16.2667
microryzomys_minutus_2,-72.5,-13.1667
microryzomys_minutus_2,-75.7,-11.4167
microryzomys_minutus_2,-75.5333,-11.2667
microryzomys_minutus_2,-79.05,-6.9
microryzomys_minutus_2,-77.55,-6.18333
microryzomys_minutus_2,-78.1667,-5.5
microryzomys_minutus_2,-79.3833,-5.11667
microryzomys_minutus_2,-78.5333,0.15
microryzomys_minutus_2,-78.8667,0.2
microryzomys_minutus_2,-77.2,2.666667
microryzomys_minutus_2,-76.95,2.666667
microryzomys_minutus_2,-75.3667,4.433333
microryzomys_minutus_2,-74.0833,4.566667
microryzomys_minutus_2,-74.0833,4.6
microryzomys_minutus_2,-75.5667,4.633333
microryzomys_minutus_2,-71.35,8.633333
microryzomys_minutus_2,-70.85,8.8
microryzomys_minutus_2,-70.7667,8.983333
microryzomys_minutus_2,-70.3,9.35
microryzomys_minutus_2,-63.8667,10.11667
microryzomys_minutus_2,-67.1667,10.43333
microryzomys_minutus_2,-73.5,10.91667
microryzomys_minutus_2,-78.95,-2.48333
microryzomys_minutus_2,-78.5,-1.3
microryzomys_minutus_2,-78.1333,-0.36667
microryzomys_minutus_2,-78.4667,-0.3
bradypus_variegatus_3,-63.6667,-17.45
bradypus_variegatus_3,-40.0667,-19.3333
bradypus_variegatus_3,-49.5,-1
bradypus_variegatus_3,-55,-2.4333
bradypus_variegatus_3,-54.7,-2.4333
bradypus_variegatus_3,-55.2833,-3.45
bradypus_variegatus_3,-49.5,-2.5833
bradypus_variegatus_3,-75.0667,9.9667
bradypus_variegatus_3,-73.4333,10.15
bradypus_variegatus_3,-76.95,5.05
bradypus_variegatus_3,-77.1667,7.6667
bradypus_variegatus_3,-74.7333,9.1167
bradypus_variegatus_3,-67.9333,3.8667
bradypus_variegatus_3,-71.3167,12.35
bradypus_variegatus_3,-78.15,1.6833
bradypus_variegatus_3,-84.5,10.3333
bradypus_variegatus_3,-79.6,-0.4667
bradypus_variegatus_3,-83.7667,12.15
bradypus_variegatus_3,-81.8,8.9333
bradypus_variegatus_3,-82.7833,9.6
bradypus_variegatus_3,-79.9333,9.25
bradypus_variegatus_3,-77.6,8
bradypus_variegatus_3,-77.7333,8.1333
bradypus_variegatus_3,-78.3667,7.9667
bradypus_variegatus_3,-79.85,9.15
bradypus_variegatus_3,-74.0833,-2.3667
bradypus_variegatus_3,-74.2167,-4.8333
bradypus_variegatus_3,-73.05,-3.4667
bradypus_variegatus_3,-75.1,-6.7333
bradypus_variegatus_3,-74.5333,-8.3833
bradypus_variegatus_3,-65.55,3.1667
bradypus_variegatus_3,-65.9167,3.0833
bradypus_variegatus_3,-66.2167,5.3
bradypus_variegatus_3,-67.6833,10.3667
bradypus_variegatus_3,-68.3833,10.5333
microryzomys_minutus_3,-64.7,-17.85
microryzomys_minutus_3,-67.8333,-16.3333
microryzomys_minutus_3,-67.8833,-16.3
microryzomys_minutus_3,-67.9833,-15.9
microryzomys_minutus_3,-70.9167,-13.5
microryzomys_minutus_3,-72.5667,-13.1167
microryzomys_minutus_3,-76.15,-9.7
microryzomys_minutus_3,-76.0333,-9.7
microryzomys_minutus_3,-77.95,-5.88333
microryzomys_minutus_3,-78.1667,-5.5
microryzomys_minutus_3,-78.4333,-1.45
microryzomys_minutus_3,-78.3833,-0.36667
microryzomys_minutus_3,-78.4,-0.21667
microryzomys_minutus_3,-78.4167,0.116667
microryzomys_minutus_3,-78.5333,0.15
microryzomys_minutus_3,-76.4833,1.95
microryzomys_minutus_3,-76.95,2.533333
microryzomys_minutus_3,-76.9167,2.583333
microryzomys_minutus_3,-77.2,2.666667
microryzomys_minutus_3,-75.3667,4.433333
microryzomys_minutus_3,-75.55,6.166667
microryzomys_minutus_3,-71.4,8.6
microryzomys_minutus_3,-66.8667,10.55
microryzomys_minutus_3,-73.65,10.71667
microryzomys_minutus_3,-73.5,10.91667
microryzomys_minutus_3,-79.1333,-2.85
microryzomys_minutus_3,-78.2667,0.13333
bradypus_variegatus_4,-59.1333,-3.7
bradypus_variegatus_4,-60.0167,-3.1333
bradypus_variegatus_4,-55.55,-1.9167
bradypus_variegatus_4,-54.7,-2.4333
bradypus_variegatus_4,-55.1,-3.0833
bradypus_variegatus_4,-49.6833,-2.6833
bradypus_variegatus_4,-46.7333,-23.45
bradypus_variegatus_4,-76.7167,8.1
bradypus_variegatus_4,-74,10.3
bradypus_variegatus_4,-73.4333,10.15
bradypus_variegatus_4,-72.5833,8.5
bradypus_variegatus_4,-73.9167,7.1667
bradypus_variegatus_4,-76.9333,4
bradypus_variegatus_4,-84.0167,10.6333
bradypus_variegatus_4,-83.5667,9.9167
bradypus_variegatus_4,-83.4667,8.95
bradypus_variegatus_4,-79.4667,0.3333
bradypus_variegatus_4,-77.95,-1.4833
bradypus_variegatus_4,-85.9333,13.1833
bradypus_variegatus_4,-83.7,10.9333
bradypus_variegatus_4,-84.4333,12.15
bradypus_variegatus_4,-81.8,8.9333
bradypus_variegatus_4,-79.9833,9.25
bradypus_variegatus_4,-77.3,8.1667
bradypus_variegatus_4,-77.75,8.1
bradypus_variegatus_4,-78.3667,7.9667
bradypus_variegatus_4,-79.85,9.15
bradypus_variegatus_4,-77.1167,-4.65
bradypus_variegatus_4,-73.25,-3.7667
bradypus_variegatus_4,-74.2167,-4.7
bradypus_variegatus_4,-65.9167,3.0833
bradypus_variegatus_4,-67.6833,10.3667
bradypus_variegatus_4,-68.3833,10.5333
bradypus_variegatus_4,-66.8333,10.3667
bradypus_variegatus_4,-72.6,9.15
microryzomys_minutus_4,-67.8333,-16.3333
microryzomys_minutus_4,-67.8,-16.2667
microryzomys_minutus_4,-70.9167,-13.5
microryzomys_minutus_4,-72.5,-13.1667
microryzomys_minutus_4,-72.35,-12.8833
microryzomys_minutus_4,-75.7,-11.4167
microryzomys_minutus_4,-76.15,-9.7
microryzomys_minutus_4,-76.0333,-9.7
microryzomys_minutus_4,-77.3333,-6.11667
microryzomys_minutus_4,-78.1667,-5.5
microryzomys_minutus_4,-79.6,-5.4
microryzomys_minutus_4,-78.9833,-2.28333
microryzomys_minutus_4,-78.6,-0.1
microryzomys_minutus_4,-78.4167,0.116667
microryzomys_minutus_4,-78.5333,0.15
microryzomys_minutus_4,-78.8667,0.2
microryzomys_minutus_4,-76.4833,1.95
microryzomys_minutus_4,-71.4,8.6
microryzomys_minutus_4,-71.0833,8.75
microryzomys_minutus_4,-71.25,8.833333
microryzomys_minutus_4,-77.8333,-6.75
microryzomys_minutus_4,-79.0167,-3.41667
microryzomys_minutus_4,-79.1333,-2.85
microryzomys_minutus_4,-78.95,-2.48333
microryzomys_minutus_4,-78.4667,-0.3
microryzomys_minutus_4,-78.55,-0.16667
microryzomys_minutus_4,-77.8167,0.6
bradypus_variegatus_5,-63.6667,-17.45
bradypus_variegatus_5,-63.85,-17.4
bradypus_variegatus_5,-56.7333,-2.6
bradypus_variegatus_5,-59.1333,-3.7
bradypus_variegatus_5,-40.0667,-19.3333
bradypus_variegatus_5,-52.6667,-3.8333
bradypus_variegatus_5,-49.5,-1
bradypus_variegatus_5,-54.7,-2.4333
bradypus_variegatus_5,-49.5,-2.25
bradypus_variegatus_5,-49.5,-2.5833
bradypus_variegatus_5,-76.2667,7.0167
bradypus_variegatus_5,-76.6833,5.1
bradypus_variegatus_5,-75.6833,8.2833
bradypus_variegatus_5,-74.7333,9.1167
bradypus_variegatus_5,-76.2833,7.85
bradypus_variegatus_5,-73.6167,4.15
bradypus_variegatus_5,-72.5167,7.9
bradypus_variegatus_5,-76.9333,4
bradypus_variegatus_5,-83.6333,9.8833
bradypus_variegatus_5,-84.0167,10.6333
bradypus_variegatus_5,-79.4667,0.3333
bradypus_variegatus_5,-79.75,-1.5333
bradypus_variegatus_5,-77.1333,-0.7
bradypus_variegatus_5,-77.95,-1.4833
bradypus_variegatus_5,-84.5333,13.95
bradypus_variegatus_5,-82.5167,9.45
bradypus_variegatus_5,-82.25,9.1833
bradypus_variegatus_5,-79.85,9.15
bradypus_variegatus_5,-79.35,9.2333
bradypus_variegatus_5,-79.6,8.9
bradypus_variegatus_5,-74.0833,-2.3667
bradypus_variegatus_5,-73.25,-3.7667
bradypus_variegatus_5,-72.1,-3.3167
bradypus_variegatus_5,-73.05,-3.4667
bradypus_variegatus_5,-66.8333,10.3667
microryzomys_minutus_5,-67.8333,-16.3333
microryzomys_minutus_5,-67.8,-16.2667
microryzomys_minutus_5,-75.7,-11.4167
microryzomys_minutus_5,-75.8667,-10.4667
microryzomys_minutus_5,-78.1667,-5.5
microryzomys_minutus_5,-79.6,-5.4
microryzomys_minutus_5,-78.9833,-2.28333
microryzomys_minutus_5,-78.6,-0.1
microryzomys_minutus_5,-78.5333,0.15
microryzomys_minutus_5,-78.8667,0.2
microryzomys_minutus_5,-76.4833,1.95
microryzomys_minutus_5,-76.5667,1.95
microryzomys_minutus_5,-76.95,2.533333
microryzomys_minutus_5,-76.9167,2.583333
microryzomys_minutus_5,-74.5333,4.75
microryzomys_minutus_5,-74.6333,4.85
microryzomys_minutus_5,-75.55,6.166667
microryzomys_minutus_5,-76.0667,6.466667
microryzomys_minutus_5,-75.45,7.083333
microryzomys_minutus_5,-71.15,8.6
microryzomys_minutus_5,-71.0833,8.75
microryzomys_minutus_5,-70.85,8.8
microryzomys_minutus_5,-73.5,10.91667
microryzomys_minutus_5,-78.9667,-2.4
microryzomys_minutus_5,-78.5,-1.3
microryzomys_minutus_5,-78.1333,-0.36667
microryzomys_minutus_5,-78.55,-0.16667
bradypus_variegatus_6,-65.4,-10.3833
bradypus_variegatus_6,-63.1667,-17.8
bradypus_variegatus_6,-56.7333,-2.6
bradypus_variegatus_6,-64.8333,-0.5167
bradypus_variegatus_6,-49.5,-1
bradypus_variegatus_6,-55.55,-1.9167
bradypus_variegatus_6,-54.7,-2.4333
bradypus_variegatus_6,-49.5,-2.5833
bradypus_variegatus_6,-75.05,7.35
bradypus_variegatus_6,-75.0667,9.9667
bradypus_variegatus_6,-74,10.3
bradypus_variegatus_6,-76.95,5.05
bradypus_variegatus_6,-76.2833,7.85
bradypus_variegatus_6,-72.5833,8.5
bradypus_variegatus_6,-84.5,10.3333
bradypus_variegatus_6,-83.6333,9.8833
bradypus_variegatus_6,-84.0167,10.6333
bradypus_variegatus_6,-83.5667,9.9167
bradypus_variegatus_6,-79.4667,0.3333
bradypus_variegatus_6,-79.75,-1.5333
bradypus_variegatus_6,-79.6,-0.4667
bradypus_variegatus_6,-79.9,9.2167
bradypus_variegatus_6,-77.3,8.1667
bradypus_variegatus_6,-77.75,8.1
bradypus_variegatus_6,-79.85,9.15
bradypus_variegatus_6,-79.8,8.8667
bradypus_variegatus_6,-77.1167,-4.65
bradypus_variegatus_6,-74.0833,-2.3667
bradypus_variegatus_6,-73.25,-3.7667
bradypus_variegatus_6,-72.1333,-3.4333
bradypus_variegatus_6,-74.2167,-4.7
bradypus_variegatus_6,-65.55,3.1667
bradypus_variegatus_6,-65.9167,3.0833
bradypus_variegatus_6,-68.3833,10.5333
bradypus_variegatus_6,-72.6,9.15
microryzomys_minutus_6,-67.8,-16.2667
microryzomys_minutus_6,-75.7,-11.4167
microryzomys_minutus_6,-75.8667,-10.4667
microryzomys_minutus_6,-76.2333,-9.9167
microryzomys_minutus_6,-76.0333,-9.7
microryzomys_minutus_6,-77.55,-6.18333
microryzomys_minutus_6,-77.95,-5.88333
microryzomys_minutus_6,-79.6667,-3.66667
microryzomys_minutus_6,-79.6833,-3.63333
microryzomys_minutus_6,-78.3833,-0.36667
microryzomys_minutus_6,-78.4,-0.21667
microryzomys_minutus_6,-78.6,-0.1
microryzomys_minutus_6,-78.8667,0.2
microryzomys_minutus_6,-76.6,1.916667
microryzomys_minutus_6,-76.3,2.483333
microryzomys_minutus_6,-76.95,2.533333
microryzomys_minutus_6,-76.9167,2.583333
microryzomys_minutus_6,-76.0667,6.466667
microryzomys_minutus_6,-72.4333,7.45
microryzomys_minutus_6,-71.4,8.6
microryzomys_minutus_6,-71.0167,8.6
microryzomys_minutus_6,-71.25,8.833333
microryzomys_minutus_6,-73.5,10.91667
microryzomys_minutus_6,-79.1333,-2.85
microryzomys_minutus_6,-78.9667,-2.4
microryzomys_minutus_6,-78.5,-1.3
microryzomys_minutus_6,-77.8167,0.6
bradypus_variegatus_7,-65.1333,-16.8
bradypus_variegatus_7,-63.85,-17.4
bradypus_variegatus_7,-56.7333,-2.6
bradypus_variegatus_7,-60.0167,-3.1333
bradypus_variegatus_7,-40.0667,-19.3333
bradypus_variegatus_7,-49.5,-1
bradypus_variegatus_7,-55.55,-1.9167
bradypus_variegatus_7,-52.2,-1.7
bradypus_variegatus_7,-55.5,-3.6667
bradypus_variegatus_7,-55.1333,-2.8333
bradypus_variegatus_7,-49.6833,-2.6833
bradypus_variegatus_7,-76.2667,7.0167
bradypus_variegatus_7,-75.5833,6.25
bradypus_variegatus_7,-76.7167,8.1
bradypus_variegatus_7,-75.0667,9.9667
bradypus_variegatus_7,-73.4333,10.15
bradypus_variegatus_7,-77.7667,7.1167
bradypus_variegatus_7,-76.95,5.05
bradypus_variegatus_7,-71.3167,12.35
bradypus_variegatus_7,-72.5833,8.5
bradypus_variegatus_7,-74.7667,-0.2
bradypus_variegatus_7,-75.3333,0.4667
bradypus_variegatus_7,-75.35,9.5
bradypus_variegatus_7,-77.0833,3.6833
bradypus_variegatus_7,-83.4667,8.95
bradypus_variegatus_7,-85.9333,13.1833
bradypus_variegatus_7,-83.7,10.9333
bradypus_variegatus_7,-83.7667,12.15
bradypus_variegatus_7,-78.3667,7.9667
bradypus_variegatus_7,-77.4333,7.9833
bradypus_variegatus_7,-79.6,8.9
bradypus_variegatus_7,-72.1,-3.3167
bradypus_variegatus_7,-72.1333,-3.4333
bradypus_variegatus_7,-75.1,-6.7333
bradypus_variegatus_7,-66.8333,10.3667
microryzomys_minutus_7,-67.9833,-15.9
microryzomys_minutus_7,-72.5667,-13.1167
microryzomys_minutus_7,-72.35,-12.8833
microryzomys_minutus_7,-73.8167,-12.7833
microryzomys_minutus_7,-77.7,-6.63333
microryzomys_minutus_7,-79.6,-5.4
microryzomys_minutus_7,-79.6833,-3.63333
microryzomys_minutus_7,-78.4333,-1.45
microryzomys_minutus_7,-78.4167,-1.4
microryzomys_minutus_7,-78.6,-0.1
microryzomys_minutus_7,-78.5833,-0.05
microryzomys_minutus_7,-78.8333,0.116667
microryzomys_minutus_7,-76.4833,1.95
microryzomys_minutus_7,-76.5667,1.95
microryzomys_minutus_7,-76.9167,2.583333
microryzomys_minutus_7,-74.0833,4.566667
microryzomys_minutus_7,-75.5,4.583333
microryzomys_minutus_7,-74.0833,4.6
microryzomys_minutus_7,-73.8667,4.866667
microryzomys_minutus_7,-75.55,6.166667
microryzomys_minutus_7,-76.0667,6.466667
microryzomys_minutus_7,-71.4,8.6
microryzomys_minutus_7,-70.7667,8.983333
microryzomys_minutus_7,-70.3,9.35
microryzomys_minutus_7,-79.1333,-2.85
microryzomys_minutus_7,-78.4667,-0.3
microryzomys_minutus_7,-77.8167,0.6
bradypus_variegatus_8,-65.3833,-10.3833
bradypus_variegatus_8,-65.1333,-16.8
bradypus_variegatus_8,-59.1333,-3.7
bradypus_variegatus_8,-62.0833,-3.8333
bradypus_variegatus_8,-55.55,-1.9167
bradypus_variegatus_8,-55.5,-3.6667
bradypus_variegatus_8,-55,-2.4333
bradypus_variegatus_8,-55.1,-3.0833
bradypus_variegatus_8,-49.6833,-2.6833
bradypus_variegatus_8,-69.95,-4.15
bradypus_variegatus_8,-75.05,7.35
bradypus_variegatus_8,-74,10.3
bradypus_variegatus_8,-73.4333,10.15
bradypus_variegatus_8,-76.6667,5.7
bradypus_variegatus_8,-76.95,5.05
bradypus_variegatus_8,-75.6833,8.2833
bradypus_variegatus_8,-67.9333,3.8667
bradypus_variegatus_8,-72.5167,7.9
bradypus_variegatus_8,-73.9167,7.1667
bradypus_variegatus_8,-75.35,9.5
bradypus_variegatus_8,-83.5667,9.9167
bradypus_variegatus_8,-83.4667,8.95
bradypus_variegatus_8,-79.4667,0.3333
bradypus_variegatus_8,-85.9333,13.1833
bradypus_variegatus_8,-82.4,9.3
bradypus_variegatus_8,-79.9833,9.25
bradypus_variegatus_8,-79.9,9.2167
bradypus_variegatus_8,-79.6,9.2833
bradypus_variegatus_8,-77.6,8
bradypus_variegatus_8,-78.3667,7.9667
bradypus_variegatus_8,-79.35,9.2333
bradypus_variegatus_8,-74.2167,-4.8333
bradypus_variegatus_8,-65.9167,3.0833
bradypus_variegatus_8,-66.8333,10.3667
bradypus_variegatus_8,-72.6,9.15
microryzomys_minutus_8,-67.8333,-16.3333
microryzomys_minutus_8,-67.8833,-16.3
microryzomys_minutus_8,-70.9167,-13.5
microryzomys_minutus_8,-72.35,-12.8833
microryzomys_minutus_8,-76.15,-9.7
microryzomys_minutus_8,-79.05,-6.9
microryzomys_minutus_8,-79.6,-5.4
microryzomys_minutus_8,-79.3833,-5.11667
microryzomys_minutus_8,-79.4333,-2.8
microryzomys_minutus_8,-78.4167,-1.4
microryzomys_minutus_8,-78.4833,-1.36667
microryzomys_minutus_8,-78.3833,-0.36667
microryzomys_minutus_8,-78.4,-0.21667
microryzomys_minutus_8,-78.8333,0.116667
microryzomys_minutus_8,-76.5667,1.95
microryzomys_minutus_8,-76.3,2.483333
microryzomys_minutus_8,-74.3667,4.35
microryzomys_minutus_8,-74.0833,4.566667
microryzomys_minutus_8,-75.5667,4.633333
microryzomys_minutus_8,-71.4,8.6
microryzomys_minutus_8,-70.85,8.8
microryzomys_minutus_8,-70.7667,8.983333
microryzomys_minutus_8,-63.5333,10.2
microryzomys_minutus_8,-73.65,10.71667
microryzomys_minutus_8,-77.8333,-6.75
microryzomys_minutus_8,-78.95,-2.48333
microryzomys_minutus_8,-78.4667,-0.3
bradypus_variegatus_9,-63.85,-17.4
bradypus_variegatus_9,-64.4167,-16
bradypus_variegatus_9,-60.0833,-3.1333
bradypus_variegatus_9,-62.0833,-3.8333
bradypus_variegatus_9,-40.0667,-19.3333
bradypus_variegatus_9,-55.5,-3.6667
bradypus_variegatus_9,-55,-2.4333
bradypus_variegatus_9,-55.2833,-3.45
bradypus_variegatus_9,-69.95,-4.15
bradypus_variegatus_9,-76.2667,7.0167
bradypus_variegatus_9,-75.5833,6.25
bradypus_variegatus_9,-76.6833,5.1
bradypus_variegatus_9,-77.1667,7.6667
bradypus_variegatus_9,-75.6833,8.2833
bradypus_variegatus_9,-74.7333,9.1167
bradypus_variegatus_9,-74.3,4.5833
bradypus_variegatus_9,-71.3167,12.35
bradypus_variegatus_9,-75.3333,0.4667
bradypus_variegatus_9,-84.5,10.3333
bradypus_variegatus_9,-83.5667,9.9167
bradypus_variegatus_9,-79.75,-1.5333
bradypus_variegatus_9,-77.1333,-0.7
bradypus_variegatus_9,-84.5333,13.95
bradypus_variegatus_9,-81.8,8.9333
bradypus_variegatus_9,-82.7833,9.6
bradypus_variegatus_9,-82.25,9.1833
bradypus_variegatus_9,-79.8167,9.1667
bradypus_variegatus_9,-79.9333,9.25
bradypus_variegatus_9,-79.9833,9.25
bradypus_variegatus_9,-77.6,8
bradypus_variegatus_9,-79.35,9.2333
bradypus_variegatus_9,-73.25,-3.7667
bradypus_variegatus_9,-72.1,-3.3167
bradypus_variegatus_9,-74.2167,-4.7
bradypus_variegatus_9,-72.6,9.15
microryzomys_minutus_9,-67.8333,-16.3333
microryzomys_minutus_9,-67.8833,-16.3
microryzomys_minutus_9,-67.8,-16.2667
microryzomys_minutus_9,-76.2333,-9.9167
microryzomys_minutus_9,-77.7,-6.63333
microryzomys_minutus_9,-79.6667,-3.66667
microryzomys_minutus_9,-79.6833,-3.63333
microryzomys_minutus_9,-79.4333,-2.8
microryzomys_minutus_9,-78.4333,-1.45
microryzomys_minutus_9,-78.4,-0.21667
microryzomys_minutus_9,-78.6,-0.1
microryzomys_minutus_9,-78.8667,0.2
microryzomys_minutus_9,-76.4833,1.95
microryzomys_minutus_9,-76.9167,2.583333
microryzomys_minutus_9,-76.95,2.666667
microryzomys_minutus_9,-75.5,4.583333
microryzomys_minutus_9,-76.0667,6.466667
microryzomys_minutus_9,-72.4333,7.45
microryzomys_minutus_9,-71.0167,8.6
microryzomys_minutus_9,-70.7667,8.983333
microryzomys_minutus_9,-70.3,9.35
microryzomys_minutus_9,-63.8667,10.11667
microryzomys_minutus_9,-73.5,10.91667
microryzomys_minutus_9,-77.8333,-6.75
microryzomys_minutus_9,-79.0167,-3.41667
microryzomys_minutus_9,-78.55,-0.16667
microryzomys_minutus_9,-78.2667,0.13333
